# This file uses centimeters as units for non-parametric coordinates.

mtllib scale_low.mtl
g default
v 64.400055 5.058156 8.775409
v 77.097549 5.058156 8.775409
v 64.400055 5.793845 4.790767
v 77.097549 5.793845 4.790767
vt 0.158373 0.493964
vt 0.096973 0.493964
vt 0.158373 0.686370
vt 0.096973 0.686370
vn 0.000000 0.982101 0.188355
vn 0.000000 0.982101 0.188355
vn 0.000000 0.982101 0.188355
vn 0.000000 0.982101 0.188355
s off
g s_5_low mid scale_low
usemtl blinn4SG
f 1/1/1 2/3/2 4/4/3 3/2/4
g default
v 71.736099 10.237291 -11.771122
v 73.703644 10.237291 -11.054993
v 69.642273 10.237291 -11.771124
v 64.660263 10.237291 -5.833797
v 65.023849 10.237291 -3.771785
v 66.070763 10.237291 -1.958482
v 75.307602 10.237291 -9.709109
v 67.674721 10.237291 -0.612598
v 76.354515 10.237291 -7.895807
v 69.642273 10.237291 0.103532
v 76.718102 10.237291 -5.833797
v 71.736084 10.237291 0.103532
v 76.354515 10.237291 -3.771784
v 73.703644 10.237291 -0.612597
v 75.307602 10.237291 -1.958480
v 65.023849 10.237291 -7.895809
v 67.674728 10.237291 -11.054996
v 66.070763 10.237291 -9.709112
vt 0.658557 0.479554
vt 0.686034 0.495418
vt 0.627310 0.656758
vt 0.658556 0.651249
vt 0.627311 0.474045
vt 0.596064 0.651249
vt 0.596065 0.479554
vt 0.568588 0.635384
vt 0.568588 0.495418
vt 0.548193 0.611079
vt 0.548194 0.519723
vt 0.537342 0.581265
vt 0.686033 0.635385
vt 0.706428 0.519723
vt 0.717280 0.549538
vt 0.706428 0.611080
vt 0.717280 0.581266
vt 0.537342 0.549537
vn 0.000000 1.000000 0.000000
vn 0.000000 1.000000 0.000000
vn 0.000000 1.000000 0.000000
vn 0.000000 1.000000 0.000000
vn 0.000000 1.000000 0.000000
vn 0.000000 1.000000 0.000000
vn 0.000000 1.000000 0.000003
vn 0.000000 1.000000 -0.000000
vn 0.000000 1.000000 -0.000000
vn 0.000000 1.000000 0.000000
vn 0.000000 1.000000 0.000000
vn 0.000000 1.000000 -0.000000
vn 0.000000 1.000000 -0.000000
vn 0.000000 1.000000 0.000000
vn 0.000000 1.000000 -0.000000
vn 0.000000 1.000000 -0.000000
vn 0.000000 1.000000 0.000000
vn 0.000000 1.000000 0.000000
s 1
g mid scale_low s_1_low
usemtl lambert13SG
f 11/9/5 12/10/6 14/12/7 13/11/8
f 20/20/9 21/19/10 22/21/11
f 6/5/12 10/7/13 12/10/6 11/9/5
f 15/13/14 16/14/15 18/16/16 17/15/17
f 13/11/8 14/12/7 16/14/15 15/13/14
f 17/15/17 18/16/16 19/22/18
f 5/6/19 9/8/20 10/7/13 6/5/12
f 5/6/19 7/18/21 8/17/22 9/8/20
f 8/17/22 7/18/21 21/19/10 20/20/9
g default
v 61.185661 5.218711 4.228111
v 61.391373 5.250846 4.026228
v 61.110367 5.172422 4.503888
v 61.672379 5.262681 3.952334
v 61.249207 6.345485 4.264072
v 61.429230 6.377373 4.090559
v 61.175903 6.299440 4.512352
v 61.681805 6.389331 4.024440
v 61.110367 4.348280 8.735295
v 61.300011 4.182687 9.443051
v 64.643639 6.229794 5.072665
v 61.489655 4.022370 10.150808
v 61.176022 5.417037 8.726905
v 62.422817 3.809053 11.083966
v 61.365616 5.306473 9.442988
v 64.848701 5.512236 5.311608
v 61.547104 5.149861 10.119190
v 63.816002 3.724410 11.457271
v 62.454811 4.938221 11.031184
v 64.845230 4.928389 8.617490
v 64.632072 5.359919 9.104343
v 63.823956 4.805096 11.399883
v 76.571121 5.512236 5.294925
v 76.687904 6.220923 5.089833
v 79.687836 6.389319 4.024446
v 76.570580 4.928389 8.690092
v 79.697517 5.262681 3.952334
v 76.690575 5.359950 9.103476
v 79.978523 5.250846 4.026229
v 80.184235 5.218711 4.228111
v 80.257187 5.172422 4.268250
v 79.941620 6.377756 4.088953
v 80.194016 6.299489 4.512356
v 80.123520 6.346091 4.262510
v 80.259529 4.348280 8.735295
v 80.195404 5.473952 8.727100
v 80.069885 4.182687 9.443051
v 78.947083 3.809053 11.083966
v 79.880234 4.022370 10.150808
v 78.916069 4.937854 11.032793
v 79.825714 5.149499 10.120801
v 80.004288 5.306473 9.442988
v 77.218819 3.724434 11.457271
v 77.216339 4.814303 11.438467
vt 0.963301 0.011241
vt 0.963301 0.007267
vt 0.963301 0.015276
vt 0.963301 0.757710
vt 0.638901 0.361542
vt 0.636232 0.364258
vt 0.632416 0.365359
vt 0.639878 0.358806
vt 0.963301 0.077960
vt 0.963301 0.088919
vt 0.963301 0.099580
vt 0.567553 0.366136
vt 0.963301 0.119174
vt 0.556439 0.362375
vt 0.628030 0.312939
vt 0.545959 0.359616
vt 0.963300 0.140809
vt 0.531840 0.345881
vt 0.696301 0.705109
vt 0.561650 0.313735
vt 0.872579 0.003179
vt 0.625840 0.130118
vt 0.526156 0.325190
vt 0.963301 0.486357
vt 0.639878 0.086853
vt 0.639369 0.081898
vt 0.559460 0.130913
vt 0.963301 0.482205
vt 0.963301 0.478150
vt 0.963301 0.475609
vt 0.636709 0.079146
vt 0.632860 0.077170
vt 0.963301 0.409634
vt 0.963301 0.370182
vt 0.567997 0.077947
vt 0.532211 0.097217
vt 0.963300 0.400447
vt 0.963300 0.389781
vt 0.556887 0.080817
vt 0.546373 0.083498
vt 0.963301 0.343592
vt 0.523733 0.122910
vt 0.465674 0.931963
vt 0.946257 0.343592
vt 0.946257 0.140809
vt 0.946257 0.370182
vt 0.946257 0.389781
vt 0.946257 0.400447
vt 0.946257 0.409634
vt 0.946257 0.475609
vt 0.946257 0.478150
vt 0.946257 0.482205
vt 0.946257 0.486357
vt 0.946257 0.003179
vt 0.946257 0.119174
vt 0.946257 0.099580
vt 0.946257 0.088919
vt 0.946257 0.077960
vt 0.946257 0.015276
vt 0.946257 0.007267
vt 0.946257 0.011242
vt 0.946257 0.757710
vt 0.963301 0.003179
vt 0.488221 0.991118
vt 0.479182 0.931801
vt 0.705686 0.705109
vt 0.705686 0.886717
vt 0.474426 0.931963
vt 0.474426 0.990556
vt 0.696301 0.886717
vt 0.884130 0.179626
vt 0.479182 0.991118
vt 0.488221 0.931801
vt 0.872579 0.179626
vt 0.465674 0.990556
vt 0.884130 0.003179
vn -0.701411 0.063161 -0.709953
vn -0.701411 0.063161 -0.709953
vn -0.701411 0.063161 -0.709953
vn -0.701411 0.063161 -0.709953
vn -0.963058 0.060334 -0.262449
vn -0.963058 0.060334 -0.262449
vn -0.963058 0.060334 -0.262449
vn -0.963058 0.060334 -0.262449
vn -0.255954 0.063781 -0.964583
vn -0.255954 0.063781 -0.964583
vn -0.255954 0.063781 -0.964583
vn -0.255954 0.063781 -0.964583
vn -0.998147 0.059639 0.012064
vn -0.998147 0.059639 0.012064
vn -0.998147 0.059640 0.012064
vn -0.998147 0.059639 0.012064
vn 0.000091 0.297264 0.954795
vn 0.000091 0.297264 0.954795
vn 0.000091 0.297264 0.954795
vn 0.000091 0.297264 0.954795
vn -0.961765 0.058615 0.267532
vn -0.961764 0.058615 0.267532
vn -0.961764 0.058615 0.267532
vn -0.961765 0.058615 0.267532
vn -0.961036 0.056341 0.270620
vn -0.961036 0.056341 0.270620
vn -0.961036 0.056341 0.270620
vn -0.961036 0.056341 0.270620
vn 0.000000 0.063873 -0.997958
vn 0.000000 0.063873 -0.997958
vn 0.000000 0.063873 -0.997958
vn 0.000000 0.063873 -0.997958
vn -0.700591 0.054377 0.711488
vn -0.700591 0.054378 0.711488
vn -0.700591 0.054378 0.711488
vn -0.700591 0.054378 0.711489
vn -0.255178 0.052745 0.965454
vn -0.255178 0.052745 0.965454
vn -0.255178 0.052745 0.965454
vn -0.255178 0.052745 0.965454
vn -0.001451 0.035084 0.999383
vn -0.001451 0.035084 0.999383
vn -0.001451 0.035084 0.999383
vn -0.001451 0.035084 0.999383
vn 0.252626 0.062990 -0.965512
vn 0.252626 0.062990 -0.965512
vn 0.252626 0.062990 -0.965512
vn 0.252626 0.062990 -0.965512
vn 0.699605 0.060965 -0.711925
vn 0.699605 0.060965 -0.711925
vn 0.699605 0.060965 -0.711925
vn 0.699605 0.060965 -0.711925
vn 0.904223 0.100958 -0.414956
vn 0.904223 0.100958 -0.414956
vn 0.904223 0.100958 -0.414956
vn 0.904223 0.100958 -0.414956
vn 0.998415 0.055366 0.010090
vn 0.998415 0.055366 0.010090
vn 0.998415 0.055366 0.010090
vn 0.998415 0.055366 0.010090
vn 0.961133 0.056415 0.270259
vn 0.961133 0.056415 0.270259
vn 0.961133 0.056415 0.270259
vn 0.961133 0.056415 0.270259
vn 0.961803 0.054911 0.268180
vn 0.961803 0.054911 0.268180
vn 0.961803 0.054911 0.268180
vn 0.961803 0.054911 0.268180
vn 0.700561 0.052171 0.711683
vn 0.700561 0.052171 0.711683
vn 0.700561 0.052171 0.711683
vn 0.700561 0.052171 0.711683
vn 0.219494 0.034063 0.975019
vn 0.219494 0.034063 0.975019
vn 0.219494 0.034063 0.975019
vn 0.219494 0.034063 0.975019
vn 0.002086 0.721949 -0.691944
vn 0.002086 0.721949 -0.691944
vn 0.002086 0.721949 -0.691944
vn 0.002086 0.721949 -0.691944
vn 0.002225 0.980340 0.197302
vn -0.002129 0.980202 0.197988
vn -0.003962 0.984197 0.177032
vn 0.004221 0.984209 0.176959
vn 0.942139 0.328458 0.067002
vn 0.942139 0.328458 0.067002
vn 0.942139 0.328459 0.067002
vn 0.942139 0.328458 0.067002
vn -0.979764 0.196403 0.038583
vn -0.979764 0.196403 0.038583
vn -0.979764 0.196403 0.038583
vn -0.979764 0.196403 0.038583
vn 0.004312 0.975327 0.220721
vn -0.004807 0.975010 0.222109
vn -0.004522 0.974868 0.222739
vn 0.003386 0.974891 0.222656
vn -0.068295 0.978178 0.196223
vn -0.067215 0.978232 0.196326
vn -0.108138 0.975367 0.192267
vn -0.108138 0.975366 0.192267
vn -0.027620 0.979529 0.199401
vn -0.024066 0.979570 0.199659
vn 0.007476 0.977956 0.208678
vn 0.055559 0.978857 0.196855
vn 0.050692 0.979085 0.197037
vn -0.117920 0.972590 0.200410
vn -0.117920 0.972590 0.200410
vn 0.024079 0.979573 0.199643
vn 0.027517 0.979534 0.199388
vn -0.007609 0.977666 0.210026
s off
g mid scale_low s_4_low
usemtl lambert13SG
f 24/24/23 23/23/24 27/83/25 28/82/26
f 23/23/27 25/25/28 29/81/29 27/83/30
f 26/85/31 24/24/32 28/82/33 30/76/34
f 35/80/35 29/81/36 25/25/37 31/31/38
f 46/98/39 33/93/40 38/96/41 45/43/42
f 31/31/43 32/32/44 37/79/45 35/80/46
f 32/32/47 34/33/48 39/78/49 37/79/50
f 49/46/51 26/26/52 30/84/53 47/75/54
f 34/33/55 36/35/56 41/77/57 39/78/58
f 36/35/59 40/39/60 44/67/61 41/77/62
f 40/39/63 65/63/64 66/66/65 44/67/66
f 51/50/67 49/46/68 47/75/69 54/74/70
f 52/51/71 51/50/72 54/74/73 56/73/74
f 53/52/75 52/51/76 56/73/77 55/72/78
f 57/55/79 53/52/80 55/72/81 58/71/82
f 59/59/83 57/55/84 58/71/85 64/70/86
f 61/60/87 59/59/88 64/70/89 63/69/90
f 60/56/91 61/60/92 63/69/93 62/68/94
f 62/68/95 66/66/96 65/63/97 60/56/98
f 42/41/99 43/88/100 50/89/101 48/92/102
s 1
f 47/47/103 30/30/104 33/37/105 46/44/106
s off
f 38/86/107 33/94/108 43/87/109 42/95/110
f 46/91/111 45/97/112 48/65/113 50/90/114
s 1
f 50/49/115 43/42/116 44/45/117 66/64/118
f 56/53/119 64/61/120 58/57/121 55/54/122
f 54/48/123 63/62/124 64/61/120 56/53/119
f 47/47/103 62/58/125 63/62/124 54/48/123
f 47/47/103 46/44/106 50/49/115 66/64/118 62/58/125
f 37/36/126 27/28/127 29/29/128 35/34/129
f 39/38/130 28/27/131 27/28/127 37/36/126
f 41/40/132 30/30/104 28/27/131 39/38/130
f 33/37/105 30/30/104 41/40/132 44/45/117 43/42/116
g default
v 61.138813 3.338243 8.695951
v 80.898708 2.812187 -13.558020
v 60.358383 2.786765 8.695928
v 60.824825 2.786765 10.470803
v 60.271576 3.034914 8.695926
v 60.739742 3.041535 10.470801
v 80.989651 3.075905 -13.551661
v 61.569935 3.338243 10.470825
v 62.099079 2.786765 11.770130
v 62.022140 3.051415 11.770128
v 62.796062 2.786765 12.245722
v 62.732132 3.062801 12.245720
v 80.504513 3.338243 8.696515
v 81.054271 3.034914 8.696531
v 80.501133 2.786765 10.471378
v 80.967472 2.786765 8.696529
v 78.530002 2.786765 12.246181
v 79.226955 2.786765 11.770630
v 80.599483 3.041535 10.431400
v 80.059124 3.338243 10.471365
v 78.593929 3.062801 12.246183
v 79.303898 3.051415 11.770633
v 80.530590 3.136811 -15.718409
v 78.129352 1.322322 -13.394055
v 80.439922 2.853726 -15.718409
v 79.454426 3.476382 -15.740917
v 79.011349 3.474967 -15.740684
v 78.496959 3.473325 -15.740415
v 79.245167 3.212135 -17.017698
v 79.161968 2.903947 -17.017698
v 77.276851 3.472867 -15.740339
v 76.517078 3.472582 -15.740291
v 78.801876 3.244442 -17.175543
v 78.331875 3.236632 -17.281162
v 75.327938 3.472174 -15.740224
v 77.893650 3.249739 -17.294811
v 77.159954 3.233857 -17.317327
v 74.138286 3.471767 -15.740158
v 76.476200 3.226288 -17.365389
v 72.948108 3.471363 -15.740090
v 76.395626 3.239574 -17.628187
v 76.105198 3.243283 -18.136255
v 75.632374 3.247643 -18.493168
v 75.098820 3.249774 -18.681799
v 74.431812 3.249482 -18.681747
v 73.889316 3.246964 -18.492992
v 72.969440 3.211576 -17.412935
v 73.075008 3.239528 -17.628117
v 73.395000 3.242805 -18.136034
v 61.673778 3.445715 -13.587061
v 60.237163 3.076356 -13.552981
v 63.200104 1.322322 -13.394055
v 63.542461 3.475252 -15.740729
v 62.958778 3.475639 -15.740792
v 60.328258 2.812187 -13.559006
v 62.331898 3.476053 -15.740862
v 61.834369 3.476382 -15.740917
v 63.598224 3.261545 -17.233418
v 63.080982 3.266368 -17.181404
v 60.755337 3.137064 -15.681698
v 62.511116 3.274192 -17.116692
v 60.796024 2.853726 -15.732834
v 62.040058 3.215059 -16.980988
v 62.073986 2.903947 -17.032125
v 60.479317 2.786765 9.629466
v 60.392978 3.037376 9.629836
v 61.247173 3.338243 9.624954
v 80.846599 2.786765 9.630060
v 78.136295 1.429312 9.124821
v 63.215973 1.425872 9.072889
v 60.475799 2.828254 -14.650698
v 60.334015 3.099478 -14.699415
v 61.742809 3.465860 -14.665163
v 80.949634 3.099400 -14.696235
v 80.900448 2.828254 -14.701834
v 79.956341 3.174954 -16.473471
v 79.869457 2.879157 -16.473471
v 79.971607 3.440166 -15.701669
v 80.031528 3.429308 -14.671453
v 80.089535 3.408770 -13.591070
v 61.329029 3.046638 11.190444
v 61.409900 2.786765 11.190446
v 79.796299 2.786765 11.279602
v 79.876629 3.047288 11.279605
v 80.281811 3.338243 9.583941
v 61.274475 3.175197 -16.402994
v 61.331711 2.878280 -16.415634
v 80.900219 3.032143 9.644900
v 78.456150 2.870148 -17.255058
v 62.884849 2.859435 -17.208204
v 63.148449 2.249304 -16.417543
v 63.168674 2.564116 -16.420012
v 63.363712 2.811986 -16.426544
v 63.664856 2.905606 -16.434841
v 72.785015 2.905766 -16.557062
v 74.018337 2.905785 -16.525360
v 75.251659 2.905803 -16.493660
v 76.484974 2.905823 -16.461960
v 77.020695 2.905845 -16.423922
v 77.656688 2.905857 -16.404902
v 77.957798 2.812248 -16.395220
v 78.152805 2.564385 -16.387596
v 78.173015 2.249574 -16.384718
v 78.031132 3.473150 -15.740385
v 60.434261 3.300191 8.671279
v 60.360485 3.271784 8.677462
v 60.317432 3.205485 8.683772
v 60.281444 3.247455 -13.545333
v 60.323631 3.314291 -13.541372
v 60.396827 3.344238 -13.537475
v 60.549301 3.300827 9.559699
v 60.478184 3.272872 9.581343
v 60.436985 3.207427 9.599381
v 62.038975 3.216039 11.704303
v 62.060066 3.278450 11.660281
v 62.102157 3.305082 11.598602
v 61.355934 3.213415 11.133737
v 61.383610 3.276879 11.095237
v 61.434570 3.304384 11.040739
v 62.726703 3.220095 12.171964
v 62.732395 3.280693 12.118681
v 62.752445 3.304529 12.040795
v 78.598682 3.206961 12.178484
v 78.618824 3.277166 12.115408
v 78.667454 3.304908 12.021818
v 63.250900 1.449723 11.987374
v 63.225765 1.477112 12.059730
v 63.198353 1.545404 12.094811
v 78.121555 1.551086 12.097266
v 78.093807 1.482831 12.062269
v 78.068630 1.455401 11.989952
v 80.830028 3.344422 -13.540067
v 80.903065 3.314065 -13.541181
v 80.945179 3.247164 -13.544061
v 81.008655 3.206770 8.684372
v 80.966495 3.273328 8.676857
v 80.893764 3.303599 8.667306
v 78.810245 1.550042 11.733335
v 78.781597 1.481673 11.702666
v 78.755276 1.453616 11.630374
v 79.373920 1.582323 11.286165
v 79.337940 1.514333 11.261703
v 79.294155 1.486013 11.199074
v 80.804951 3.207361 9.593295
v 80.755115 3.262787 9.572224
v 80.685535 3.289416 9.551104
v 79.285267 3.211081 11.713403
v 79.311802 3.275560 11.638625
v 79.398128 3.304006 11.492432
v 60.875206 3.302317 10.353045
v 60.812870 3.274832 10.393579
v 60.777412 3.210696 10.423796
v 79.851925 3.191345 11.260150
v 79.823391 3.260205 11.233377
v 79.773136 3.294941 11.182422
v 80.453594 3.398455 -15.610143
v 80.514240 3.365648 -15.652460
v 80.536228 3.293820 -15.682659
v 80.935100 3.261374 -14.672214
v 80.900982 3.332917 -14.656730
v 80.827648 3.365662 -14.639489
v 79.893970 3.430075 -16.305084
v 79.941730 3.401455 -16.362146
v 79.959026 3.336845 -16.406199
v 79.294452 3.457727 -16.820057
v 79.307155 3.429800 -16.902164
v 79.293400 3.361409 -16.957096
v 78.929729 3.462323 -16.922663
v 78.934765 3.442880 -17.005089
v 78.906444 3.392713 -17.067366
v 78.422001 3.460356 -17.065115
v 78.422184 3.439170 -17.142538
v 78.400295 3.383965 -17.198128
v 77.243320 3.460534 -17.106840
v 77.239490 3.439151 -17.184544
v 77.219013 3.383067 -17.238787
v 76.372715 3.467013 -17.189419
v 76.436924 3.442806 -17.259239
v 76.465526 3.377466 -17.307499
v 77.965023 3.389157 -17.212389
v 77.992374 3.441823 -17.156908
v 78.003612 3.461673 -17.078936
v 78.194942 2.589957 -17.167706
v 78.221653 2.616779 -17.242636
v 78.277324 2.676257 -17.269888
v 78.004040 2.831737 -17.146803
v 78.026188 2.857597 -17.219662
v 78.071789 2.918220 -17.253263
v 77.675701 2.939831 -17.160534
v 77.682163 2.970621 -17.234419
v 77.694485 3.041525 -17.271620
v 77.032718 2.939565 -17.176277
v 77.045315 2.969229 -17.252485
v 77.074528 3.036850 -17.290251
v 78.378826 1.426088 -17.167471
v 78.359760 1.390850 -17.093781
v 78.287731 1.423733 -17.116413
v 78.256840 1.499132 -17.126162
v 78.302997 1.501393 -17.194244
v 78.385692 1.500644 -17.201258
v 78.158420 1.485607 -16.395500
v 78.155697 1.365164 -16.404339
v 78.153728 1.315275 -16.285164
v 78.250477 2.278507 -17.175903
v 78.289844 2.302787 -17.253384
v 78.363498 2.352404 -17.269127
v 76.371830 2.990361 -17.323339
v 76.425747 3.039839 -17.326370
v 76.481128 3.087427 -17.332132
v 76.486294 3.017295 -17.280722
v 76.484722 2.977740 -17.218920
v 76.416973 2.982444 -17.250376
v 76.385013 3.345860 -17.626129
v 76.347782 3.420878 -17.625423
v 76.271038 3.450855 -17.626694
v 76.098026 3.352516 -18.130096
v 76.070461 3.425143 -18.106030
v 76.012340 3.453943 -18.055138
v 75.344372 3.424855 -17.378923
v 75.319393 3.345765 -17.445091
v 75.286327 3.360012 -17.357319
v 75.208751 3.372083 -17.323444
v 75.236675 3.430882 -17.273796
v 75.311535 3.455621 -17.193977
v 75.418293 3.455869 -17.285139
v 75.384754 3.456253 -17.219265
v 74.023510 3.453918 -17.326277
v 74.134998 3.454778 -17.228430
v 74.209720 3.429489 -17.304163
v 74.236248 3.369247 -17.352354
v 74.157169 3.355320 -17.391897
v 74.126186 3.337800 -17.485210
v 74.101696 3.421057 -17.419714
v 74.056003 3.455294 -17.258295
v 75.433498 3.019143 -17.450390
v 75.320667 3.006860 -17.343290
v 75.250561 3.052873 -17.414795
v 75.217510 3.135850 -17.420393
v 75.293224 3.133317 -17.452944
v 75.325313 3.131685 -17.535110
v 75.359981 3.060277 -17.525017
v 75.399784 3.012021 -17.373394
v 75.324184 3.339605 -17.686634
v 75.357822 3.415391 -17.660288
v 75.441273 3.447115 -17.647615
v 75.327282 3.135953 -17.755219
v 75.360576 3.063309 -17.774628
v 75.437900 3.032994 -17.772766
v 75.629322 3.357166 -18.483871
v 75.613117 3.429695 -18.451300
v 75.577289 3.458566 -18.383619
v 75.300991 3.336139 -17.755711
v 75.331455 3.415551 -17.754360
v 75.402370 3.451198 -17.799677
v 75.303860 3.129904 -17.824968
v 75.327839 3.063147 -17.868456
v 75.387050 3.038306 -17.930588
v 75.190372 3.336282 -17.820095
v 75.210689 3.418048 -17.829588
v 75.246944 3.455452 -17.898586
v 75.177845 3.130122 -17.888985
v 75.183201 3.065355 -17.935650
v 75.205799 3.040678 -18.008831
v 73.997967 3.019033 -17.488739
v 74.075260 3.059776 -17.557590
v 74.111156 3.130732 -17.567360
v 74.141269 3.133881 -17.483349
v 74.218113 3.137747 -17.446922
v 74.175258 3.053319 -17.444437
v 74.088138 3.007123 -17.376497
v 74.023754 3.011918 -17.410191
v 74.894504 3.129890 -17.966833
v 74.894565 3.066488 -18.015072
v 74.903255 3.042526 -18.091232
v 74.907123 3.340624 -17.892246
v 74.917606 3.424259 -17.903831
v 74.931751 3.462817 -17.979248
v 75.097835 3.360117 -18.671408
v 75.092182 3.432492 -18.635271
v 75.079494 3.461694 -18.559830
v 74.528515 3.128970 -17.976643
v 74.522083 3.065984 -18.024488
v 74.514019 3.042272 -18.100239
v 74.541622 3.339125 -17.902378
v 74.544620 3.423442 -17.914490
v 74.542187 3.462515 -17.990852
v 74.243107 3.129337 -17.915972
v 74.229572 3.064624 -17.960287
v 74.203693 3.040062 -18.031874
v 74.255802 3.323814 -17.856718
v 74.248653 3.406664 -17.869308
v 74.223530 3.445768 -17.940792
v 74.129185 3.324560 -17.733095
v 74.100994 3.403358 -17.706652
v 74.022991 3.437269 -17.690771
v 74.116283 3.135026 -17.791182
v 74.079769 3.062827 -17.807119
v 74.001308 3.033055 -17.801273
v 74.153065 3.323835 -17.798376
v 74.129085 3.404315 -17.798983
v 74.065700 3.441609 -17.844448
v 74.140346 3.128572 -17.858198
v 74.114795 3.061973 -17.897215
v 74.058597 3.036458 -17.952877
v 73.050709 3.456530 -17.277679
v 73.002003 3.428033 -17.351450
v 72.978885 3.357076 -17.389999
v 63.578960 3.466630 -17.001173
v 63.577167 3.447961 -17.076899
v 63.581848 3.397143 -17.135883
v 74.432140 3.359904 -18.671345
v 74.437282 3.432278 -18.635262
v 74.449589 3.461568 -18.559931
v 73.891651 3.355471 -18.483675
v 73.907169 3.428036 -18.450624
v 73.942089 3.456198 -18.382265
v 73.084095 3.340604 -17.625664
v 73.123943 3.418730 -17.626148
v 73.207599 3.449421 -17.631269
v 73.401211 3.350779 -18.129616
v 73.427753 3.423527 -18.104370
v 73.484287 3.451727 -18.051313
v 72.961315 3.089917 -17.408915
v 72.973537 3.011838 -17.375908
v 73.013950 2.975244 -17.299902
v 63.650139 2.939036 -17.174166
v 63.643177 2.976534 -17.248125
v 63.630230 3.056438 -17.268858
v 63.002151 3.467193 -16.943233
v 63.011211 3.448941 -17.021257
v 63.030769 3.399239 -17.081675
v 60.757408 3.290366 -15.672561
v 60.784168 3.364490 -15.654412
v 60.848720 3.398424 -15.618226
v 60.489445 3.365373 -14.638629
v 60.417290 3.335880 -14.656943
v 60.376243 3.269640 -14.672577
v 62.402473 3.467988 -16.872950
v 62.402885 3.450146 -16.953892
v 62.429115 3.402712 -17.015749
v 62.010483 3.459227 -16.787945
v 62.000717 3.432390 -16.865448
v 62.008400 3.367533 -16.917471
v 63.272308 2.835294 -17.133688
v 63.245102 2.866483 -17.204487
v 63.200947 2.935714 -17.225264
v 62.951549 2.684501 -17.238155
v 63.005638 2.619356 -17.219700
v 63.040489 2.589694 -17.147881
v 61.314579 3.429282 -16.247755
v 61.266250 3.398326 -16.308226
v 61.254577 3.329578 -16.351015
v 62.897945 2.348513 -17.265209
v 62.973022 2.301013 -17.247993
v 63.018020 2.278066 -17.169359
v 61.313198 1.539626 10.446166
v 61.359428 1.475866 10.432042
v 61.428356 1.450925 10.397617
v 60.984482 1.536669 9.611112
v 61.032791 1.474132 9.604001
v 61.107036 1.449876 9.587123
v 80.557888 3.200274 10.416137
v 80.510036 3.272907 10.413421
v 80.425617 3.306339 10.421408
v 80.356563 1.368505 -13.604877
v 80.431431 1.394371 -13.607786
v 80.477070 1.459111 -13.609591
v 80.329967 1.449428 8.683531
v 80.405247 1.473355 8.688504
v 80.454075 1.535427 8.690615
v 60.871830 1.535322 8.690042
v 60.920589 1.473289 8.688234
v 60.995781 1.449310 8.684058
v 60.966759 1.368545 -13.604941
v 60.891735 1.393173 -13.606702
v 60.843353 1.455497 -13.605545
v 62.601692 1.453360 11.648932
v 62.553757 1.480629 11.707569
v 62.516907 1.548327 11.732183
v 80.198551 1.438400 9.578473
v 80.272610 1.462000 9.595340
v 80.321308 1.523946 9.602782
v 80.392528 1.457290 -14.735934
v 80.344272 1.394180 -14.731847
v 80.269275 1.369243 -14.717512
v 61.057388 1.369234 -14.717048
v 60.982021 1.394919 -14.730793
v 60.934921 1.459426 -14.732757
v 80.035152 1.463034 -15.662779
v 79.992641 1.397095 -15.647563
v 79.924351 1.370757 -15.613806
v 78.830745 1.478810 -17.036081
v 78.808140 1.405613 -17.006393
v 78.787304 1.374746 -16.931913
v 79.501606 1.467435 -16.406086
v 79.463604 1.399984 -16.385000
v 79.403988 1.372824 -16.337749
v 80.012729 1.539530 10.446710
v 79.966747 1.475992 10.433196
v 79.898441 1.451441 10.400392
v 61.861828 1.543938 11.158916
v 61.903911 1.478282 11.138833
v 61.963665 1.452270 11.090282
v 63.028530 1.427745 -17.132732
v 62.957084 1.393124 -17.106886
v 62.938450 1.427281 -17.183884
v 62.927437 1.501527 -17.217712
v 63.010437 1.505076 -17.212008
v 63.055973 1.505144 -17.142805
v 62.489788 1.476113 -17.038149
v 62.516170 1.404614 -17.008007
v 62.538570 1.374591 -16.933334
v 61.287628 1.459674 -15.663495
v 61.332573 1.395962 -15.648570
v 61.400604 1.370797 -15.616375
v 61.768627 1.465554 -16.371721
v 61.809189 1.399259 -16.352388
v 61.869285 1.372717 -16.306892
v 76.389560 3.144556 -17.626183
v 76.351711 3.066351 -17.629713
v 76.268932 3.034406 -17.641771
v 76.101124 3.140901 -18.130159
v 76.075580 3.067689 -18.105858
v 76.018528 3.037490 -18.054842
v 75.631130 3.144324 -18.484003
v 75.616283 3.071607 -18.451475
v 75.581310 3.041708 -18.384192
v 75.098964 3.145876 -18.671667
v 75.094089 3.073556 -18.635464
v 75.081760 3.044162 -18.560215
v 74.432659 3.145540 -18.671635
v 74.438160 3.073264 -18.635391
v 74.450611 3.043943 -18.559990
v 73.891529 3.143460 -18.483858
v 73.906750 3.070892 -18.451132
v 73.941265 3.041213 -18.383249
v 73.082874 3.143371 -17.625608
v 73.121151 3.065643 -17.629850
v 73.202495 3.034055 -17.644489
v 73.400348 3.139684 -18.129742
v 73.426037 3.066815 -18.104765
v 73.481792 3.036855 -18.052126
v 63.165859 1.317620 -16.055420
v 63.163563 1.364489 -16.186800
v 63.160972 1.486300 -16.265905
v 78.314487 1.440845 -17.173977
v 76.445019 3.015927 -17.282532
v 75.311718 3.428508 -17.302458
v 74.132129 3.426410 -17.338516
v 75.327564 3.056000 -17.445976
v 74.103588 3.055993 -17.478172
v 63.002239 1.443616 -17.191893
vt 0.868125 0.741128
vt 0.834726 0.003179
vt 0.838577 0.268915
vt 0.834726 0.268915
vt 0.673583 0.752123
vt 0.659075 0.769524
vt 0.657796 0.769093
vt 0.608797 0.891885
vt 0.673658 0.770770
vt 0.854922 0.003179
vt 0.220959 0.496425
vt 0.659363 0.752867
vt 0.043434 0.473101
vt 0.041241 0.485551
vt 0.658681 0.754683
vt 0.587276 0.909494
vt 0.453242 0.931556
vt 0.660643 0.789325
vt 0.830827 0.938388
vt 0.773188 0.466571
vt 0.664814 0.978422
vt 0.674497 0.978382
vt 0.037205 0.470024
vt 0.773188 0.822642
vt 0.757149 0.822642
vt 0.864237 0.662936
vt 0.860299 0.635256
vt 0.773188 0.836574
vt 0.757149 0.836574
vt 0.860299 0.697915
vt 0.864237 0.715830
vt 0.860299 0.715830
vt 0.860299 0.741128
vt 0.814864 0.787869
vt 0.825959 0.787160
vt 0.830827 0.370298
vt 0.834726 0.740224
vt 0.854922 0.268915
vt 0.838577 0.293091
vt 0.854922 0.307173
vt 0.830827 0.343571
vt 0.834726 0.370298
vt 0.830827 0.268915
vt 0.834726 0.293091
vt 0.276737 0.501243
vt 0.267362 0.503203
vt 0.830827 0.293091
vt 0.834726 0.307173
vt 0.864237 0.635256
vt 0.860299 0.261492
vt 0.830827 0.767786
vt 0.834726 0.787758
vt 0.608797 0.980915
vt 0.822021 0.813228
vt 0.587455 0.980915
vt 0.608797 0.966945
vt 0.587455 0.965054
vt 0.608797 0.959072
vt 0.587455 0.957182
vt 0.608797 0.928779
vt 0.830827 0.828687
vt 0.659247 0.724137
vt 0.673472 0.724686
vt 0.659266 0.728895
vt 0.673491 0.729463
vt 0.659288 0.734371
vt 0.673511 0.734260
vt 0.673406 0.708317
vt 0.830827 0.843650
vt 0.834726 0.857133
vt 0.659328 0.744310
vt 0.673550 0.743980
vt 0.830827 0.857133
vt 0.830827 0.862988
vt 0.830827 0.872388
vt 0.453242 0.973930
vt 0.449764 0.972721
vt 0.453242 0.972721
vt 0.449764 0.970614
vt 0.453242 0.970614
vt 0.449764 0.966046
vt 0.830827 0.882420
vt 0.453242 0.966046
vt 0.449764 0.960334
vt 0.453242 0.960334
vt 0.449764 0.955803
vt 0.453242 0.955803
vt 0.449764 0.953894
vt 0.449764 0.952683
vt 0.453242 0.953894
vt 0.608797 0.729647
vt 0.589301 0.729647
vt 0.830827 0.892180
vt 0.830827 0.903585
vt 0.830827 0.933622
vt 0.834726 0.938388
vt 0.830827 0.923692
vt 0.830827 0.913386
vt 0.673819 0.810601
vt 0.659227 0.719245
vt 0.673453 0.719927
vt 0.589301 0.720838
vt 0.608797 0.720838
vt 0.773188 0.490967
vt 0.757149 0.490967
vt 0.757149 0.466571
vt 0.589301 0.711385
vt 0.608797 0.711385
vt 0.864237 0.234802
vt 0.860299 0.215535
vt 0.773188 0.466571
vt 0.674383 0.950201
vt 0.664700 0.950240
vt 0.674406 0.955785
vt 0.664723 0.955824
vt 0.773188 0.466571
vt 0.868125 0.191433
vt 0.664744 0.961130
vt 0.674428 0.961091
vt 0.868125 0.662936
vt 0.884634 0.684798
vt 0.860299 0.662936
vt 0.864237 0.684798
vt 0.267362 0.492792
vt 0.834726 0.343571
vt 0.830827 0.322559
vt 0.864237 0.261492
vt 0.860299 0.234802
vt 0.773188 0.508353
vt 0.757149 0.508353
vt 0.814864 0.801494
vt 0.825959 0.801083
vt 0.834726 0.767786
vt 0.830827 0.740224
vt 0.587455 0.970752
vt 0.608797 0.973736
vt 0.864237 0.697915
vt 0.860299 0.684798
vt 0.830827 0.307173
vt 0.834726 0.322559
vt 0.819493 0.485529
vt 0.587455 0.950692
vt 0.608797 0.951944
vt 0.177168 0.496425
vt 0.074324 0.870164
vt 0.004450 0.524875
vt 0.037205 0.528171
vt 0.029191 0.918764
vt 0.037205 0.878627
vt 0.072346 0.883926
vt 0.074092 0.526842
vt 0.005858 0.507547
vt 0.825959 0.507524
vt 0.814864 0.507247
vt 0.822781 0.496479
vt 0.814864 0.496070
vt 0.814864 0.484904
vt 0.838577 0.370298
vt 0.854922 0.740224
vt 0.838577 0.767786
vt 0.854922 0.787758
vt 0.838577 0.799680
vt 0.854922 0.811604
vt 0.838577 0.740224
vt 0.854922 0.767786
vt 0.838577 0.787758
vt 0.854922 0.799680
vt 0.840801 0.811604
vt 0.838577 0.811604
vt 0.854922 0.370298
vt 0.838577 0.343571
vt 0.854922 0.293091
vt 0.854922 0.322559
vt 0.838577 0.307173
vt 0.854922 0.343571
vt 0.838577 0.322559
vt 0.884634 0.662936
vt 0.868125 0.635256
vt 0.868125 0.684798
vt 0.884634 0.697915
vt 0.868125 0.715830
vt 0.884634 0.635256
vt 0.868125 0.261492
vt 0.884634 0.715830
vt 0.868125 0.697915
vt 0.884634 0.261492
vt 0.868125 0.234802
vt 0.872860 0.191433
vt 0.884634 0.191433
vt 0.884634 0.215535
vt 0.868125 0.204495
vt 0.884634 0.234802
vt 0.868125 0.215535
vt 0.868125 0.191433
vt 0.884634 0.204495
vt 0.868125 0.170893
vt 0.868125 0.188209
vt 0.868125 0.188209
vt 0.868125 0.180980
vt 0.838577 0.819936
vt 0.834726 0.828687
vt 0.838577 0.843650
vt 0.838577 0.828687
vt 0.834726 0.843650
vt 0.838577 0.857133
vt 0.834726 0.862988
vt 0.838577 0.872388
vt 0.834726 0.882420
vt 0.838577 0.892180
vt 0.834726 0.903585
vt 0.838577 0.913386
vt 0.838577 0.933622
vt 0.834726 0.923692
vt 0.838577 0.862988
vt 0.834726 0.872388
vt 0.838577 0.882420
vt 0.834726 0.892180
vt 0.838577 0.903585
vt 0.868125 0.003179
vt 0.834726 0.933622
vt 0.838577 0.923692
vt 0.834726 0.913386
vt 0.580292 0.924170
vt 0.585842 0.911160
vt 0.577966 0.910987
vt 0.569030 0.913678
vt 0.575258 0.903901
vt 0.566432 0.896803
vt 0.579722 0.889928
vt 0.589301 0.874045
vt 0.575912 0.893219
vt 0.573859 0.882069
vt 0.573906 0.920217
vt 0.580294 0.911566
vt 0.576457 0.908646
vt 0.566415 0.906229
vt 0.575110 0.898048
vt 0.569024 0.889180
vt 0.577391 0.890761
vt 0.580274 0.877453
vt 0.653940 0.756606
vt 0.650490 0.770444
vt 0.643274 0.767764
vt 0.648176 0.778391
vt 0.649114 0.789378
vt 0.640665 0.785819
vt 0.652813 0.791704
vt 0.650264 0.800740
vt 0.652883 0.769439
vt 0.647960 0.760843
vt 0.649384 0.773438
vt 0.640646 0.775661
vt 0.648033 0.784642
vt 0.658360 0.790949
vt 0.657704 0.805813
vt 0.650415 0.791306
vt 0.643831 0.793979
vt 0.864237 0.170893
vt 0.860299 0.170893
vt 0.864237 0.180980
vt 0.860299 0.188209
vt 0.864237 0.191433
vt 0.864237 0.215535
vt 0.860299 0.204495
vt 0.860299 0.180980
vt 0.864237 0.188209
vt 0.860299 0.191433
vt 0.864237 0.204495
vt 0.830827 0.787758
vt 0.834726 0.799680
vt 0.830827 0.799680
vt 0.834726 0.811604
vt 0.830827 0.813818
vt 0.834726 0.819936
vt 0.830827 0.811604
vt 0.834726 0.813818
vt 0.285039 0.511260
vt 0.291376 0.520848
vt 0.278698 0.774997
vt 0.283287 0.769367
vt 0.291376 0.758089
vt 0.674447 0.965945
vt 0.664764 0.965984
vt 0.838577 0.813818
vt 0.058601 0.908959
vt 0.067798 0.896580
vt 0.050317 0.915612
vt 0.004404 0.872469
vt 0.006087 0.886529
vt 0.011030 0.899166
vt 0.019303 0.910000
vt 0.037205 0.486646
vt 0.028908 0.473013
vt 0.018477 0.482746
vt 0.011185 0.493520
vt 0.072749 0.509722
vt 0.067456 0.495921
vt 0.059462 0.484765
vt 0.049969 0.475652
vt 0.041241 0.530113
vt 0.587455 0.939115
vt 0.608797 0.940408
vt 0.830827 0.819936
vt 0.838577 0.813818
vt 0.838577 0.811604
vt 0.037205 0.924123
vt 0.608797 0.910493
vt 0.587455 0.926298
vt 0.586674 0.891420
vt 0.585311 0.889317
vt 0.608797 0.874045
vt 0.673733 0.789200
vt 0.664116 0.805787
vt 0.449764 0.973930
vt 0.453242 0.948835
vt 0.453242 0.952683
vt 0.659178 0.707262
vt 0.453242 0.977806
vt 0.449764 0.948835
vt 0.659741 0.753913
vt 0.449764 0.977806
vt 0.449764 0.931556
vt 0.586859 0.910629
vt 0.586357 0.890082
vt 0.449764 0.946722
vt 0.659539 0.770677
vt 0.453242 0.946722
vt 0.660221 0.790400
vt 0.860299 0.635256
vt 0.774274 0.822642
vt 0.774274 0.508353
vt 0.860299 0.261492
vt 0.860299 0.662936
vt 0.774274 0.836574
vt 0.860299 0.715830
vt 0.286020 0.510597
vt 0.277609 0.500438
vt 0.860299 0.697915
vt 0.830827 0.003179
vt 0.292713 0.520848
vt 0.830827 0.268915
vt 0.292713 0.758089
vt 0.886105 0.741128
vt 0.222131 0.721731
vt 0.041241 0.922426
vt 0.856379 0.268915
vt 0.830827 0.740224
vt 0.826960 0.787160
vt 0.826960 0.507524
vt 0.830827 0.370298
vt 0.050781 0.916784
vt 0.856379 0.293091
vt 0.059339 0.909974
vt 0.856379 0.307173
vt 0.823715 0.496199
vt 0.830827 0.343571
vt 0.830827 0.300146
vt 0.285546 0.768122
vt 0.860299 0.684798
vt 0.774274 0.849899
vt 0.830827 0.307173
vt 0.279556 0.775820
vt 0.830827 0.787758
vt 0.822879 0.813776
vt 0.826961 0.801083
vt 0.830827 0.767786
vt 0.830827 0.799680
vt 0.814864 0.822860
vt 0.830827 0.807376
vt 0.586333 0.970752
vt 0.830827 0.813818
vt 0.586333 0.965054
vt 0.830827 0.819936
vt 0.586333 0.957182
vt 0.830827 0.843650
vt 0.586333 0.939115
vt 0.830827 0.857133
vt 0.586333 0.926298
vt 0.586333 0.950692
vt 0.830827 0.828687
vt 0.658084 0.724142
vt 0.838577 0.813818
vt 0.658104 0.728899
vt 0.838577 0.819936
vt 0.658126 0.734376
vt 0.838577 0.828687
vt 0.838577 0.843650
vt 0.658166 0.744314
vt 0.043721 0.471847
vt 0.840801 0.811604
vt 0.659175 0.706388
vt 0.041241 0.472625
vt 0.840041 0.811604
vt 0.658016 0.707267
vt 0.041241 0.483570
vt 0.838577 0.811604
vt 0.658064 0.719249
vt 0.838577 0.857133
vt 0.658364 0.753640
vt 0.658200 0.752871
vt 0.838577 0.857133
vt 0.830827 0.862988
vt 0.580225 0.925418
vt 0.830827 0.872388
vt 0.573061 0.921153
vt 0.448541 0.977806
vt 0.584409 0.909993
vt 0.449764 0.930358
vt 0.449764 0.979046
vt 0.586034 0.908374
vt 0.448541 0.931556
vt 0.448541 0.946722
vt 0.449764 0.947789
vt 0.583899 0.890225
vt 0.448541 0.948835
vt 0.454408 0.931556
vt 0.658339 0.771838
vt 0.453242 0.979046
vt 0.453242 0.930358
vt 0.656730 0.770412
vt 0.454408 0.977806
vt 0.580138 0.910226
vt 0.448541 0.973930
vt 0.454408 0.973930
vt 0.652971 0.770711
vt 0.830827 0.882420
vt 0.567922 0.914262
vt 0.578731 0.909836
vt 0.448541 0.972721
vt 0.454408 0.972721
vt 0.651578 0.771357
vt 0.577627 0.908046
vt 0.448541 0.970614
vt 0.454408 0.970614
vt 0.650644 0.773778
vt 0.454408 0.948835
vt 0.657103 0.789486
vt 0.453242 0.947789
vt 0.659303 0.788088
vt 0.454408 0.946722
vt 0.454408 0.966046
vt 0.649473 0.778526
vt 0.576541 0.903664
vt 0.448541 0.966046
vt 0.830827 0.892180
vt 0.565181 0.906448
vt 0.454408 0.960334
vt 0.649299 0.784517
vt 0.576417 0.898071
vt 0.448541 0.960334
vt 0.454408 0.955803
vt 0.650227 0.788959
vt 0.577143 0.893623
vt 0.448541 0.955803
vt 0.448541 0.952683
vt 0.579659 0.891325
vt 0.652452 0.790338
vt 0.454408 0.952683
vt 0.578213 0.891813
vt 0.448541 0.953894
vt 0.651119 0.790323
vt 0.454408 0.953894
vt 0.860299 0.003179
vt 0.588066 0.874045
vt 0.860299 0.170893
vt 0.588066 0.729647
vt 0.830827 0.903585
vt 0.565192 0.896634
vt 0.830827 0.913386
vt 0.567883 0.888670
vt 0.580240 0.876108
vt 0.830827 0.933622
vt 0.572925 0.881218
vt 0.830827 0.923692
vt 0.838577 0.938388
vt 0.662856 0.805793
vt 0.663440 0.950245
vt 0.868125 0.170893
vt 0.860299 0.180980
vt 0.588066 0.720838
vt 0.774274 0.466571
vt 0.860299 0.215535
vt 0.860299 0.234802
vt 0.774274 0.490967
vt 0.860299 0.188209
vt 0.588066 0.711385
vt 0.860299 0.195475
vt 0.588066 0.704570
vt 0.868125 0.180980
vt 0.663463 0.955830
vt 0.663484 0.961135
vt 0.868125 0.188209
vt 0.860299 0.204495
vt 0.774274 0.466571
vt 0.663504 0.965989
vt 0.868125 0.191433
vt 0.886105 0.684798
vt 0.009899 0.899728
vt 0.886105 0.662936
vt 0.004871 0.886803
vt 0.267362 0.786199
vt 0.830827 0.322559
vt 0.856379 0.740224
vt 0.075311 0.526793
vt 0.856379 0.370298
vt 0.075541 0.870240
vt 0.003174 0.872534
vt 0.886105 0.635256
vt 0.886105 0.261492
vt 0.003220 0.524844
vt 0.886105 0.715830
vt 0.028393 0.919733
vt 0.856379 0.343571
vt 0.073540 0.884197
vt 0.073963 0.509487
vt 0.856379 0.767786
vt 0.886105 0.234802
vt 0.004619 0.507318
vt 0.068568 0.495369
vt 0.856379 0.787758
vt 0.856379 0.811604
vt 0.050339 0.474419
vt 0.060433 0.483987
vt 0.856379 0.799680
vt 0.068903 0.897115
vt 0.856379 0.322559
vt 0.018319 0.910797
vt 0.886105 0.697915
vt 0.037205 0.470024
vt 0.664820 0.979982
vt 0.872860 0.191433
vt 0.037205 0.468882
vt 0.663554 0.978427
vt 0.872226 0.191433
vt 0.028516 0.471766
vt 0.886105 0.191433
vt 0.886105 0.215535
vt 0.010068 0.492989
vt 0.017488 0.481987
vt 0.886105 0.204495
vt 0.653943 0.755249
vt 0.838577 0.862988
vt 0.647068 0.759966
vt 0.838577 0.872388
vt 0.642141 0.767220
vt 0.838577 0.882420
vt 0.639359 0.775463
vt 0.838577 0.892180
vt 0.639359 0.786058
vt 0.838577 0.903585
vt 0.642676 0.794696
vt 0.838577 0.913386
vt 0.838577 0.933622
vt 0.658122 0.805603
vt 0.649496 0.801859
vt 0.838577 0.923692
vt 0.674504 0.979942
vt 0.041241 0.471690
vt 0.658013 0.706393
vt 0.839426 0.811604
vt 0.838577 0.857409
vt 0.658203 0.753480
vt 0.448541 0.930358
vt 0.585581 0.909497
vt 0.448541 0.979046
vt 0.448541 0.947789
vt 0.585104 0.890431
vt 0.454408 0.930358
vt 0.454408 0.979046
vt 0.657908 0.770742
vt 0.454408 0.947789
vt 0.658967 0.789022
vt 0.037205 0.468882
vt 0.871646 0.191433
vt 0.663560 0.979987
vt 0.585398 0.891726
vt 0.037205 0.484485
vt 0.673398 0.706331
vt 0.177168 0.721731
vt 0.220959 0.721731
vt 0.037205 0.925313
vt 0.041241 0.921252
vt 0.041241 0.877066
vt 0.222131 0.496425
vt 0.814864 0.822125
vt 0.814864 0.814507
vt 0.586333 0.980915
vt 0.589301 0.704571
vt 0.608797 0.704571
vt 0.774274 0.466571
vt 0.267362 0.784841
vt 0.267362 0.779343
vt 0.820637 0.485612
vt 0.757149 0.849899
vt 0.773188 0.849899
vt 0.267362 0.491812
vt 0.864237 0.003179
vt 0.838577 0.938388
vt 0.860299 0.003179
vt 0.868125 0.003179
vt 0.830827 0.938388
vt 0.838577 0.003179
vt 0.884634 0.741128
vt 0.864237 0.741128
vt 0.830827 0.003179
vt 0.856379 0.003179
vt 0.860299 0.741128
vn -0.910671 -0.342555 0.230943
vn -0.966596 -0.015960 0.255806
vn -0.998942 -0.045508 0.006656
vn -0.935607 -0.352999 0.005577
vn 0.944701 -0.327919 -0.003036
vn 0.998945 -0.045785 -0.003643
vn 0.999124 -0.041644 0.004148
vn 0.944112 -0.329605 0.003687
vn -0.602656 0.085873 0.793367
vn -0.713463 0.058553 0.698243
vn -0.703178 -0.252062 0.664835
vn -0.584337 -0.214502 0.782649
vn -0.029324 0.226028 0.973679
vn -0.032100 -0.096417 0.994823
vn 0.032120 -0.096411 0.994823
vn 0.029113 0.225659 0.973771
vn 0.574305 -0.205563 0.792413
vn 0.600337 0.064573 0.797136
vn 0.706253 -0.240025 0.666029
vn 0.719953 0.015146 0.693858
vn 0.865976 -0.060664 -0.496392
vn 0.976494 -0.063063 -0.206114
vn 0.932762 -0.301589 -0.197481
vn 0.840576 -0.265058 -0.472415
vn -0.998867 -0.047474 -0.003367
vn -0.935719 -0.352725 -0.003825
vn -0.003095 0.999904 -0.013486
vn 0.000650 0.999884 -0.015205
vn 0.000290 0.999940 -0.010923
vn -0.003194 0.999953 -0.009173
vn -0.923535 -0.327673 -0.199282
vn -0.969253 -0.087394 -0.230024
vn -0.887213 -0.058348 -0.457655
vn -0.857443 -0.280188 -0.431609
vn -0.705204 0.044872 -0.707583
vn -0.716026 -0.210122 -0.665699
vn -0.859065 0.019963 0.511477
vn -0.826966 -0.305563 0.471973
vn 0.713846 -0.208296 -0.668608
vn 0.711482 -0.028614 -0.702122
vn 0.821432 -0.294384 0.488454
vn 0.863336 0.045726 0.502554
vn -0.472856 0.114638 -0.873651
vn -0.554899 -0.133028 -0.821213
vn 0.911691 -0.340113 0.230525
vn 0.964075 0.073819 0.255166
vn 0.504762 0.013314 -0.863156
vn 0.550186 -0.142033 -0.822874
vn 0.209580 -0.026249 -0.977439
vn 0.268285 0.113463 -0.956634
vn 0.008765 -0.992523 -0.121739
vn -0.002351 -0.992343 -0.123489
vn 0.003219 -0.991993 -0.126253
vn 0.003219 -0.991993 -0.126253
vn -0.186867 0.253560 -0.949099
vn -0.181303 0.127854 -0.975081
vn 0.003137 -0.994012 -0.109230
vn -0.004734 -0.993924 -0.109969
vn -0.011770 -0.993903 -0.109633
vn -0.005623 -0.993290 -0.115514
vn -0.007828 -0.993881 -0.110182
vn -0.010824 -0.994413 -0.105008
vn -0.001774 0.253479 -0.967339
vn 0.055157 0.245545 -0.967815
vn 0.044847 0.449986 -0.891909
vn 0.003692 0.454458 -0.890761
vn -0.939910 0.341355 0.006735
vn -0.647821 0.761773 0.005554
vn -0.644118 0.764926 0.000542
vn -0.939381 0.342872 -0.001420
vn -0.092929 0.995669 0.002815
vn -0.093019 0.995660 0.003064
vn -0.019298 -0.138354 0.990195
vn -0.013844 -0.696342 0.717576
vn 0.014272 -0.696284 0.717624
vn 0.019064 -0.138297 0.990207
vn -0.000086 -0.999808 0.019583
vn 0.000554 -0.999809 0.019552
vn 0.941217 0.337794 -0.002542
vn 0.649400 0.760447 0.000019
vn 0.659421 0.751756 0.005158
vn 0.939472 0.342584 0.005322
vn 0.122385 0.992480 0.002310
vn 0.125933 0.992036 0.002499
vn 0.854957 0.235206 -0.462305
vn 0.627741 0.711715 -0.315283
vn 0.693897 0.711485 -0.110890
vn 0.953999 0.242451 -0.176362
vn 0.127519 0.991534 -0.024474
vn 0.122281 0.992485 0.004486
vn 0.044133 0.529471 -0.847179
vn 0.032077 0.860737 -0.508038
vn 0.017139 0.876244 -0.481563
vn 0.028144 0.566322 -0.823703
vn 0.002889 0.999762 -0.021611
vn 0.000500 0.999754 -0.022157
vn 0.040669 -0.276398 -0.960182
vn 0.001544 -0.753466 -0.657485
vn 0.001270 -0.722966 -0.690882
vn 0.267978 -0.334382 -0.903536
vn -0.013447 -0.995863 -0.089866
vn -0.987591 -0.017091 -0.156115
vn -0.873751 -0.436319 -0.214905
vn -0.814747 -0.545624 -0.196168
vn -0.992690 -0.012875 -0.120007
vn 0.051266 -0.997984 -0.037413
vn 0.076254 -0.996982 -0.014548
vn 0.624838 -0.712637 -0.318944
vn 0.674017 -0.651078 -0.348996
vn 0.878328 -0.226712 -0.420881
vn 0.052072 -0.994351 -0.092487
vn -0.974004 0.179308 -0.138437
vn -0.523936 0.845461 -0.103376
vn -0.661080 0.750249 0.009959
vn -0.996040 0.074586 0.048384
vn -0.008337 0.999898 -0.011563
vn -0.024426 0.999632 -0.011840
vn -0.593440 0.410107 -0.692561
vn -0.735621 0.087878 -0.671669
vn -0.989688 -0.110882 -0.090684
vn 0.000817 0.883276 -0.468852
vn 0.025100 0.879436 -0.475355
vn 0.986579 0.123391 -0.106947
vn 0.624889 0.378917 -0.682595
vn 0.767313 0.039315 -0.640067
vn 0.984109 -0.167548 -0.058792
vn -0.000099 -0.642457 -0.766322
vn 0.041133 -0.657877 -0.752001
vn 0.611640 -0.788512 -0.064386
vn 0.615595 -0.785632 0.061852
vn 0.967593 -0.228162 0.108194
vn 0.016521 -0.994189 -0.106370
vn 0.024595 -0.998151 -0.055590
vn -0.040731 0.487852 -0.871976
vn -0.029111 0.867626 -0.496364
vn -0.622363 0.695584 -0.358925
vn -0.845686 0.231445 -0.480882
vn 0.000080 0.999823 -0.018803
vn -0.033559 0.998559 -0.041877
vn -0.105679 0.994332 -0.011694
vn -0.633363 0.712413 -0.302191
vn -0.659990 0.740225 -0.128376
vn -0.101662 0.994809 0.004388
vn -0.862921 0.231798 -0.449041
vn -0.930063 0.307010 -0.201810
vn -0.078767 0.065915 -0.994712
vn 0.243582 -0.488314 -0.837984
vn 0.521049 -0.181425 -0.834022
vn -0.155052 0.087218 -0.984049
vn 0.523403 -0.839063 -0.148400
vn 0.912267 -0.352080 -0.209306
vn 0.935998 -0.351996 -0.002378
vn 0.590204 -0.807254 0.001166
vn 0.593443 -0.793962 -0.132094
vn 0.921504 -0.325835 -0.211336
vn 0.027206 -0.999622 0.003973
vn 0.040573 -0.999120 -0.010664
vn -0.025666 -0.999662 0.004144
vn -0.579237 -0.815134 0.006392
vn -0.574427 -0.818555 0.001097
vn -0.027322 -0.999619 0.003910
vn -0.924515 -0.381094 0.006254
vn -0.925143 -0.379601 -0.003615
vn -0.028977 -0.998775 -0.040107
vn 0.880419 -0.440729 -0.174990
vn 0.759544 -0.630710 -0.159054
vn -0.066457 -0.997672 -0.015312
vn 0.984373 -0.006741 -0.175967
vn 0.989654 -0.021493 -0.141858
vn -0.304980 -0.099649 -0.947131
vn -0.189942 -0.718183 -0.669429
vn -0.381734 -0.730133 -0.566731
vn -0.534084 -0.177266 -0.826638
vn -0.054059 -0.998081 -0.030212
vn -0.069717 0.997563 0.002725
vn -0.070791 0.997486 0.003287
vn -0.900654 0.367159 0.232413
vn -0.089550 0.995770 0.020550
vn -0.054807 0.998391 0.014534
vn -0.548109 0.430253 0.717258
vn -0.651386 0.415605 0.634798
vn -0.027488 0.509553 0.860000
vn 0.024288 0.517707 0.855213
vn 0.086895 0.996214 0.002633
vn 0.087924 0.996124 0.002632
vn 0.549304 -0.246367 0.798479
vn 0.686637 -0.271000 0.674603
vn 0.854775 0.470183 0.219743
vn 0.548351 0.389040 0.740243
vn -0.100295 0.990020 0.099005
vn -0.002217 0.999756 0.021963
vn -0.093872 0.994457 0.047367
vn 0.676463 0.330865 0.657971
vn 0.079321 0.996776 -0.012043
vn 0.081947 0.996577 0.010948
vn 0.110077 0.991975 -0.062192
vn 0.001318 0.999927 -0.011992
vn 0.041367 0.998916 -0.021360
vn 0.048485 0.997588 -0.049676
vn 0.005204 0.999636 -0.026458
vn -0.000478 0.999953 -0.009690
vn 0.002752 0.999655 -0.026124
vn -0.000034 0.999912 -0.013297
vn -0.001231 0.999974 -0.007057
vn 0.001776 0.999969 -0.007658
vn 0.025822 0.159849 -0.986804
vn 0.048923 0.132336 -0.989997
vn -0.922031 -0.369528 -0.115360
vn -0.925056 -0.372456 -0.074480
vn -0.562479 -0.824812 -0.057467
vn -0.567547 -0.817728 -0.095973
vn -0.104584 -0.993451 -0.046026
vn -0.101567 -0.991507 -0.081229
vn -0.012613 -0.998344 -0.056128
vn -0.993963 -0.032607 -0.104756
vn -0.987811 -0.039893 -0.150457
vn 0.320062 0.516985 -0.793906
vn 0.371469 0.124885 -0.920008
vn 0.883813 0.246079 -0.397894
vn 0.907928 0.031138 -0.417968
vn 0.747346 0.011702 -0.664332
vn 0.729527 0.234816 -0.642379
vn 0.463675 0.239119 -0.853128
vn 0.473785 0.005317 -0.880625
vn -0.979763 -0.181215 0.085000
vn -0.708986 -0.079099 0.700773
vn -0.615947 -0.357740 0.701877
vn -0.328085 -0.159341 0.931113
vn -0.298344 -0.379403 0.875811
vn -0.115682 -0.402601 0.908036
vn -0.128817 -0.191175 0.973066
vn 0.150622 0.243091 -0.958238
vn 0.153363 0.002229 -0.988167
vn 0.066522 -0.409962 0.909673
vn 0.059674 -0.198722 0.978237
vn 0.259489 -0.398240 0.879813
vn 0.268198 -0.184355 0.945560
vn 0.707856 -0.104233 0.698624
vn 0.636101 -0.369915 0.677155
vn 0.996707 0.014270 0.079824
vn 0.000611 0.999966 -0.008275
vn 0.000643 0.999963 -0.008586
vn 0.000158 0.999728 -0.023330
vn -0.152505 0.001164 -0.988302
vn -0.150024 0.243043 -0.958344
vn -0.463208 0.001410 -0.886249
vn -0.453362 0.238864 -0.858724
vn -0.863916 0.021736 -0.503168
vn -0.036405 0.246177 -0.968541
vn -0.725322 0.003106 -0.688403
vn -0.708179 0.234759 -0.665861
vn 0.002053 -0.994410 -0.105566
vn 0.002060 -0.997373 -0.072405
vn 0.011040 -0.997570 -0.068795
vn 0.009950 -0.993873 -0.110081
vn -0.000955 0.999783 -0.020828
vn 0.000529 0.999976 -0.006980
vn -0.079183 0.996823 0.008550
vn -0.061052 0.998122 -0.004937
vn -0.006471 0.999687 -0.024156
vn -0.004166 0.999947 -0.009459
vn -0.049261 0.997367 -0.053219
vn 0.515077 -0.851491 -0.098278
vn 0.912027 -0.376078 -0.163622
vn -0.121089 0.990371 -0.067102
vn -0.293735 -0.054436 -0.954336
vn 0.981101 -0.004275 -0.193449
vn 0.988638 -0.002811 -0.150292
vn -0.894752 -0.379359 0.235595
vn -0.806909 -0.339077 0.483658
vn -0.792166 0.393595 0.466429
vn 0.794532 0.398129 0.458490
vn 0.003061 0.999743 0.022454
vn 0.203280 0.959356 0.195739
vn 0.171455 0.981588 0.084195
vn 0.000044 0.999960 -0.008951
vn 0.008002 -0.999947 0.006459
vn 0.015768 -0.999868 0.003934
vn 0.025287 -0.999672 0.004031
vn -0.016307 -0.999860 0.003871
vn -0.008132 -0.999947 0.006341
vn -0.021653 -0.999377 0.027863
vn 0.026741 -0.999613 0.007684
vn -0.040228 -0.999134 -0.010623
vn 0.106699 0.993964 0.025510
vn 0.152214 0.987520 0.040438
vn 0.935171 -0.354166 0.004621
vn 0.832223 -0.283527 -0.476463
vn 0.706969 -0.220699 -0.671928
vn 0.527040 -0.148680 -0.836734
vn 0.307082 -0.085268 -0.947855
vn 0.303583 -0.060986 -0.950851
vn 0.892725 -0.384828 0.234415
vn 0.801972 -0.331971 0.496625
vn -0.684304 -0.283999 0.671620
vn -0.561359 -0.253234 0.787876
vn -0.918922 -0.334288 -0.209366
vn -0.844393 -0.311370 -0.435946
vn -0.700269 -0.251636 -0.668058
vn -0.032853 -0.054759 -0.997959
vn -0.021502 -0.024838 -0.999460
vn -0.024504 0.257314 -0.966017
vn -0.098471 0.289664 -0.952049
vn 0.100394 0.126186 -0.986914
vn 0.015646 -0.108688 -0.993953
vn 0.018832 -0.203134 -0.978970
vn 0.728761 -0.224518 -0.646915
vn 0.461540 -0.237763 -0.854663
vn 0.149989 -0.248358 -0.956986
vn -0.148617 -0.249650 -0.956864
vn -0.450413 -0.242553 -0.859242
vn -0.706452 -0.231130 -0.668958
vn -0.835595 -0.191352 -0.514943
vn 0.037527 0.998569 -0.038102
vn -0.008497 0.999716 0.022286
vn 0.054916 0.997829 -0.036359
vn 0.039977 0.997896 -0.051040
vn -0.001316 0.999309 0.037160
vn -0.000382 0.999168 0.040777
vn 0.014502 0.997987 -0.061740
vn -0.018884 0.998046 -0.059561
vn -0.008304 0.998836 0.047517
vn 0.004301 0.999893 -0.013947
vn 0.033357 0.999408 -0.008487
vn 0.019443 0.999272 0.032830
vn -0.004673 0.998702 0.050730
vn -0.042640 0.998024 -0.046157
vn -0.047734 0.998255 -0.034775
vn 0.059176 -0.996038 -0.066379
vn -0.024116 -0.998544 -0.048258
vn -0.010426 -0.999939 -0.003692
vn 0.034747 -0.996306 -0.078531
vn -0.012240 -0.999767 0.017760
vn -0.004941 -0.999686 0.024585
vn 0.010374 -0.996727 -0.080179
vn 0.004828 -0.999648 0.026080
vn 0.012540 -0.999793 0.016011
vn -0.037269 -0.995490 -0.087240
vn -0.010043 -0.996586 -0.081944
vn 0.011961 -0.999922 -0.003591
vn -0.043243 -0.992531 -0.114070
vn -0.063337 -0.995332 -0.072821
vn -0.022998 0.493319 -0.869545
vn -0.076629 0.642697 -0.762278
vn -0.496909 0.341331 -0.797857
vn -0.172359 0.571757 -0.802114
vn -0.702057 0.239883 -0.670501
vn 0.698949 0.287903 -0.654662
vn 0.523713 0.332408 -0.784366
vn 0.132822 0.536595 -0.833321
vn 0.254258 0.483867 -0.837392
vn -0.068722 0.993302 0.092885
vn -0.000374 0.999452 0.033085
vn 0.098748 0.987655 0.121603
vn 0.000628 0.999581 0.028926
vn 0.189751 -0.028432 -0.981421
vn 0.015359 -0.999109 0.039323
vn 0.042758 -0.998564 0.032264
vn 0.033946 -0.999156 0.023151
vn -0.033386 -0.999398 0.009448
vn -0.029935 -0.999371 0.019017
vn -0.023818 -0.999410 0.024746
vn -0.024757 -0.999375 -0.025252
vn -0.032429 -0.999283 -0.019553
vn 0.032330 -0.999269 -0.020395
vn 0.025243 -0.999352 -0.025663
vn 0.061238 -0.997669 -0.030117
vn -0.006115 0.999947 -0.008295
vn 0.001624 0.999934 -0.011411
vn 0.014465 -0.994123 -0.107291
vn -0.616793 0.771145 0.157804
vn -0.540428 0.779548 0.316610
vn -0.361991 0.804002 0.471745
vn -0.438617 0.791254 0.426067
vn -0.015967 0.828463 0.559816
vn 0.016170 0.868591 0.495266
vn -0.361334 -0.768377 0.528237
vn 0.355304 -0.766864 0.534489
vn 0.579582 0.800608 0.152029
vn 0.470415 -0.759460 0.449367
vn 0.523387 -0.787511 0.325411
vn 0.583415 0.739855 0.335024
vn 0.409783 0.735246 0.539899
vn 0.518426 0.691260 0.503383
vn 0.507748 0.737573 -0.445172
vn 0.395510 0.744156 -0.538334
vn 0.147618 0.858683 -0.490788
vn 0.085557 0.860256 -0.502633
vn 0.186090 0.902819 -0.387670
vn -0.572508 -0.242292 -0.783281
vn -0.506447 -0.088708 -0.857696
vn -0.363308 -0.544595 -0.755926
vn -0.056200 -0.720191 -0.691496
vn -0.548466 -0.091049 -0.831201
vn 0.631808 0.716305 -0.296186
vn 0.536414 0.701857 -0.468675
vn -0.479871 0.767386 0.425257
vn -0.618454 -0.781506 -0.082240
vn -0.620176 -0.783221 0.044105
vn 0.334337 0.720805 -0.607173
vn -0.245889 0.658843 0.710961
vn -0.342375 -0.867650 0.360504
vn -0.096573 0.618702 0.779667
vn -0.185634 -0.824033 0.535266
vn -0.073184 -0.830126 0.552751
vn 0.025134 0.606838 0.794428
vn 0.108950 0.720554 -0.684785
vn 0.048154 -0.831934 0.552782
vn 0.183164 0.630398 0.754353
vn 0.172720 -0.831306 0.528298
vn 0.503132 0.728589 0.464776
vn 0.554594 0.825850 -0.101969
vn 0.713753 0.699769 0.029662
vn 0.379837 -0.853705 0.356248
vn -0.015694 0.835865 -0.548711
vn -0.044833 0.894837 -0.444135
vn -0.109549 0.721486 -0.683708
vn -0.326596 0.723580 -0.608085
vn -0.520882 0.703487 -0.483517
vn -0.021900 -0.715489 -0.698281
vn -0.004959 -0.638035 -0.769992
vn -0.097850 0.877005 -0.470413
vn -0.370632 0.746200 -0.553008
vn -0.518860 0.718391 -0.463356
vn 0.516314 -0.019408 -0.856179
vn 0.559076 -0.036763 -0.828301
vn -0.521258 -0.797308 0.304286
vn -0.447576 -0.784590 0.429063
vn -0.570463 -0.808021 0.147218
vn 0.592251 -0.805728 0.006329
vn 0.563888 -0.813045 0.144871
vn -0.588970 -0.797261 -0.132246
vn 0.545985 -0.782877 -0.298336
vn 0.489185 -0.754510 -0.437508
vn 0.181133 -0.703233 -0.687498
vn 0.386941 -0.713387 -0.584257
vn -0.480983 -0.762665 -0.432432
vn -0.543220 -0.790645 -0.282476
vn 0.542790 -0.686111 -0.484387
vn 0.331347 -0.712969 -0.617968
vn 0.107430 -0.718016 -0.687686
vn -0.105602 -0.719394 -0.686528
vn -0.321117 -0.717344 -0.618305
vn -0.525524 -0.686568 -0.502442
vn -0.624006 -0.643105 -0.443884
vn -0.394040 -0.593560 -0.701726
vn 0.341387 -0.732279 -0.589256
vn -0.277645 0.896718 -0.344689
vn 0.295363 0.888044 -0.352334
vn -0.423765 -0.777943 -0.463928
vn 0.451596 -0.781612 -0.430284
vn 0.416707 -0.586118 -0.694854
s 1
g mid scale_low s_6_low
usemtl lambert13SG
f 131/218/133 132/124/134 71/147/135 69/276/136
f 68/262/137 73/135/138 80/140/139 82/256/140
f 76/129/141 147/235/142 148/283/143 75/279/144
f 78/702/145 76/129/141 75/279/144 77/99/146
f 78/100/145 77/700/146 83/101/147 87/102/148
f 87/102/148 83/101/147 84/137/149 88/142/150
f 88/142/150 84/137/149 149/272/151 150/146/152
f 89/150/153 140/231/154 141/258/155 91/264/156
f 69/276/136 71/147/135 117/225/157 121/281/158
f 290/114/159 294/407/160 104/106/161 101/405/162
f 137/285/163 138/207/164 126/361/165 128/291/166
f 128/291/166 126/361/165 152/366/167 153/289/168
f 72/221/169 132/124/134 131/218/133 70/277/170
f 121/281/158 117/225/157 138/207/164 137/285/163
f 141/258/155 140/231/154 73/135/138 68/262/137
f 143/260/171 142/368/172 89/150/153 91/264/156
f 148/283/143 147/235/142 72/221/169 70/277/170
f 150/146/152 149/272/151 81/274/173 85/238/174
f 153/289/168 152/366/167 129/360/175 130/292/176
f 85/238/174 81/274/173 134/269/177 154/223/178
f 80/140/139 154/223/178 134/269/177 82/256/140
f 95/370/179 96/403/180 155/382/181 99/374/182
f 336/116/183 302/424/184 163/107/185 162/410/186
f 142/368/172 143/260/171 96/403/180 95/370/179
f 130/292/176 129/360/175 127/364/187 156/295/188
f 273/113/189 278/418/190 277/110/191 164/103/192 163/107/185 302/424/184 308/104/193 301/105/194
f 304/115/195 334/425/196 296/423/197 288/420/198
f 173/125/199 172/427/200 175/430/201 174/148/202
f 172/428/200 171/122/203 176/227/204 175/429/201
f 194/108/205 193/704/206 196/444/207 195/136/208
f 193/442/206 192/678/209 197/109/210 196/682/207
f 200/232/211 199/445/212 202/448/213 201/134/214
f 199/446/212 198/133/215 203/251/216 202/447/213
f 224/367/217 223/461/218 226/464/219 225/149/220
f 223/462/218 222/152/221 227/230/222 226/463/219
f 242/167/223 241/473/224 247/478/225 246/159/226
f 241/474/224 240/399/227 248/240/228 247/477/225
f 260/300/229 259/485/230 276/499/231 275/303/232
f 259/486/230 258/169/233 277/110/191 276/498/231
f 264/415/234 263/489/235 268/676/236 267/166/237
f 263/490/235 262/111/238 269/112/239 268/493/236
f 275/303/232 274/496/240 486/640/241 485/312/242
f 274/497/240 273/113/189 487/339/243 486/639/241
f 286/419/244 285/504/245 310/521/246 309/412/247
f 285/505/245 291/322/248 311/332/249 310/520/246
f 288/420/198 287/506/250 305/517/251 304/115/195
f 287/507/250 286/419/244 306/416/252 305/516/251
f 290/114/159 289/508/253 295/674/254 294/407/160
f 289/509/253 288/420/198 296/423/197 295/510/254
f 298/417/255 297/511/256 333/536/257 332/413/258
f 297/511/256 296/423/197 334/425/196 333/536/257
f 304/115/195 303/514/259 335/538/260 334/425/196
f 303/515/259 302/424/184 336/116/183 335/537/260
f 332/413/258 331/534/261 363/556/262 362/414/263
f 331/535/261 330/352/264 364/345/265 363/555/262
f 373/117/266 372/699/267 384/570/268 383/193/269
f 372/562/267 371/328/270 385/338/271 384/569/268
f 400/118/272 399/579/273 402/582/274 401/202/275
f 399/580/273 398/208/276 403/226/277 402/581/274
f 412/297/278 411/587/279 414/590/280 413/296/281
f 411/588/279 410/213/282 415/216/283 414/589/280
f 433/257/284 432/601/285 450/614/286 449/263/287
f 432/602/285 431/249/288 451/394/289 450/613/286
f 439/386/290 438/605/291 441/608/292 440/244/293
f 438/606/291 437/280/294 442/284/295 441/607/292
f 471/121/296 470/627/297 510/675/298 509/390/299
f 470/628/297 475/119/300 511/120/301 510/655/298
f 473/286/302 472/629/303 477/634/304 476/287/305
f 472/630/303 471/121/296 478/391/306 477/633/304
f 171/122/203 67/123/307 116/228/308 176/227/204
f 132/124/134 179/220/309 173/125/199 71/147/135
f 67/123/307 171/122/203 177/126/310 133/127/311
f 180/130/312 183/128/313 147/235/142 76/129/141
f 186/131/314 180/130/312 76/129/141 78/702/145
f 186/703/314 78/100/145 87/102/148 189/141/315
f 146/132/316 79/252/317 203/251/216 198/133/215
f 201/134/214 80/140/139 73/135/138 200/232/211
f 195/136/208 83/101/147 77/700/146 194/108/205
f 84/137/149 204/270/318 207/138/319 149/272/151
f 210/139/320 154/223/178 80/140/139 201/134/214
f 189/141/315 87/102/148 88/142/150 213/145/321
f 185/143/322 74/144/323 216/222/324
f 213/145/321 88/142/150 150/146/152 219/237/325
f 71/147/135 173/125/199 174/148/202 117/225/157
f 224/367/217 225/149/220 140/231/154 89/150/153
f 144/684/326 145/229/327 227/230/222 222/152/221
f 222/152/221 228/683/328 144/684/326
f 93/154/329 92/234/330 231/233/331 234/155/332
f 94/156/333 93/154/329 234/155/332 237/157/334
f 243/406/335 98/158/336 97/400/337 240/399/227
f 242/167/223 246/159/226 102/299/338 103/302/339
f 249/160/340 168/161/341 167/163/342 252/162/343
f 252/162/343 167/163/342 166/165/344 255/164/345
f 255/164/345 166/165/344 165/170/346 258/169/233
f 264/415/234 267/166/237 169/199/347 270/198/348
f 245/171/349 242/167/223 103/302/339 105/168/350
f 258/169/233 165/170/346 164/103/192 277/110/191
f 279/172/351 245/171/349 105/168/350 107/304/352
f 279/172/351 107/304/352 108/313/353 282/173/354
f 315/180/355 282/173/354 108/313/353 109/306/356
f 312/174/357 309/412/247 318/175/358 321/176/359
f 321/176/359 318/175/358 324/177/360 327/178/361
f 338/181/362 327/178/361 324/177/360 341/179/363
f 344/191/364 315/180/355 109/306/356 110/315/365
f 347/183/366 338/181/362 341/179/363 350/182/367
f 353/185/368 347/183/366 350/182/367 356/184/369
f 353/185/368 356/184/369 365/186/370 368/188/371
f 365/186/370 359/187/372 362/414/263 368/188/371
f 119/189/373 106/409/374 371/328/270 374/190/375
f 344/191/364 110/315/365 111/308/376 377/192/377
f 377/192/377 111/308/376 112/320/378 380/196/379
f 373/117/266 383/193/269 114/318/380 113/194/381
f 115/311/382 114/318/380 383/193/269 386/195/383
f 115/311/382 386/195/383 380/196/379 112/320/378
f 391/411/384 161/197/385 160/210/386 392/211/387
f 249/160/340 270/198/348 169/199/347 168/161/341
f 395/200/388 120/201/389 119/189/373 374/190/375
f 400/118/272 401/202/275 139/203/390 123/204/391
f 404/205/392 122/206/393 120/201/389 395/200/388
f 138/207/164 403/226/277 398/208/276 126/361/165
f 407/686/394 123/687/391 122/206/393 404/205/392
f 160/210/386 159/212/395 410/213/282 392/211/387
f 159/212/395 158/217/396 415/216/283 410/213/282
f 407/209/394 416/214/397 123/204/391
f 130/292/176 156/295/188 413/296/281 419/215/398
f 421/381/399 415/216/283 158/217/396 157/380/400
f 70/277/170 131/218/133 425/275/401 422/219/402
f 218/236/403 179/220/309 132/124/134 72/221/169
f 133/127/311 177/126/310 216/693/324 74/692/323
f 85/238/174 154/223/178 210/139/320 428/224/404
f 117/225/157 174/148/202 403/226/277 138/207/164
f 139/203/390 401/202/275 176/227/204 116/228/308
f 145/229/327 146/132/316 198/133/215 227/230/222
f 140/231/154 225/149/220 200/232/211 73/135/138
f 144/151/326 228/153/328 231/233/331 92/234/330
f 147/235/142 183/128/313 218/236/403 72/221/169
f 219/237/325 150/146/152 85/238/174 428/224/404
f 86/690/405 221/377/406 430/689/407
f 94/156/333 237/157/334 248/240/228 170/241/408
f 135/681/409 90/398/410 431/249/288 434/243/411
f 439/386/290 440/244/293 118/245/412 136/247/413
f 443/246/414 136/247/413 192/404/209
f 446/248/415 135/681/409 434/243/411
f 451/394/289 431/249/288 90/398/410
f 118/245/412 440/244/293 452/250/416
f 203/251/216 79/252/317 151/254/417 212/253/418
f 212/253/418 151/254/417 86/255/405 430/239/407
f 68/262/137 82/256/140 436/268/419 433/257/284
f 141/258/155 449/263/287 455/259/420 91/264/156
f 143/260/171 461/265/421 458/261/422 96/403/180
f 68/262/137 433/257/284 449/263/287 141/258/155
f 91/264/156 455/259/420 461/265/421 143/260/171
f 96/403/180 458/261/422 266/266/423 272/267/424
f 448/273/425 436/268/419 82/256/140 134/269/177
f 204/270/318 84/137/149 83/101/147 195/136/208
f 464/271/426 81/274/173 149/272/151 207/138/319
f 464/271/426 448/273/425 134/269/177 81/274/173
f 425/275/401 131/218/133 69/276/136 437/280/294
f 70/277/170 422/219/402 467/278/427 148/283/143
f 75/279/144 445/282/428 194/701/205 77/99/146
f 437/280/294 69/276/136 121/281/158 442/284/295
f 467/278/427 445/282/428 75/279/144 148/283/143
f 442/284/295 121/281/158 137/285/163 454/290/429
f 130/292/176 419/215/398 473/286/302 476/287/305
f 479/288/430 128/291/166 153/289/168 482/293/431
f 454/290/429 137/285/163 128/291/166 479/288/430
f 153/289/168 130/292/176 476/287/305 482/293/431
f 113/695/381 389/317/432 394/294/433 124/356/434
f 156/295/188 412/297/278 413/296/281
f 124/356/434 394/294/433 412/297/278 125/358/435
f 100/372/436 99/374/182 155/382/181 254/298/437
f 102/299/338 257/301/438 260/300/229 103/302/339
f 102/299/338 100/372/436 254/298/437 257/301/438
f 103/302/339 260/300/229 275/303/232 105/168/350
f 107/304/352 485/312/242 488/305/439 108/313/353
f 109/306/356 491/314/440 494/307/441 110/315/365
f 111/308/376 497/316/442 500/309/443 112/320/378
f 506/319/444 503/310/445 114/318/380 115/311/382
f 105/168/350 275/303/232 485/312/242 107/304/352
f 108/313/353 488/305/439 491/314/440 109/306/356
f 110/315/365 494/307/441 497/316/442 111/308/376
f 503/310/445 389/696/432 113/194/381 114/318/380
f 500/309/443 506/319/444 115/311/382 112/320/378
f 243/406/335 281/321/446 311/332/249 291/322/248
f 320/323/447 284/331/448 317/324/449 326/333/450
f 343/325/451 346/334/452 379/326/453 352/335/454
f 293/408/455 361/327/456 385/338/271 371/328/270
f 367/337/457 358/329/458 382/336/459 388/330/460
f 284/331/448 320/323/447 311/332/249 281/321/446
f 326/333/450 317/324/449 346/334/452 343/325/451
f 358/329/458 352/335/454 379/326/453 382/336/459
f 361/327/456 367/337/457 388/330/460 385/338/271
f 490/348/461 487/339/243 314/347/462 323/340/463
f 493/341/464 329/349/465 340/342/466 496/350/467
f 349/351/468 355/343/469 502/355/470 499/344/471
f 370/354/472 364/345/265 505/353/473 508/346/474
f 487/339/243 273/113/189 301/105/194 314/347/462
f 493/341/464 490/348/461 323/340/463 329/349/465
f 496/350/467 340/342/466 349/351/468 499/344/471
f 364/345/265 330/352/264 391/411/384 505/353/473
f 355/343/469 370/354/472 508/346/474 502/355/470
f 373/697/266 113/695/381 124/356/434 376/357/475
f 397/363/476 376/357/475 124/356/434 125/358/435
f 409/365/477 406/359/478 127/364/187 129/360/175
f 126/361/165 398/208/276 418/362/479 152/366/167
f 406/359/478 397/363/476 125/358/435 127/364/187
f 418/362/479 409/365/477 129/360/175 152/366/167
f 224/367/217 89/150/153 142/368/172 230/369/480
f 230/369/480 142/368/172 95/370/179 233/373/481
f 239/401/482 236/371/483 99/374/182 100/372/436
f 233/373/481 95/370/179 99/374/182 236/371/483
f 182/375/484 74/144/323 185/143/322
f 123/204/391 416/214/397 400/118/272
f 188/376/485 74/144/323 182/375/484
f 86/690/405 215/378/486 221/377/406
f 215/378/486 86/690/405 191/379/487
f 191/379/487 86/690/405 74/144/323 188/376/485
f 157/380/400 511/120/301 475/119/300 421/381/399
f 254/298/437 155/382/181 251/402/488
f 125/358/435 412/297/278 156/295/188 127/364/187
f 135/681/409 466/384/489 209/383/490
f 446/248/415 466/384/489 135/681/409
f 135/681/409 209/383/490 206/385/491
f 135/681/409 206/385/491 197/680/210
f 427/387/492 439/386/290 136/247/413
f 427/387/492 136/247/413 424/388/493
f 424/388/493 136/247/413 469/389/494
f 469/389/494 136/247/413 443/246/414
f 118/245/412 478/391/306 471/121/296 509/390/299
f 118/245/412 484/392/495 478/391/306
f 118/245/412 481/393/496 484/392/495
f 118/245/412 452/250/416 481/393/496
f 451/394/289 90/398/410 457/395/497
f 457/395/497 90/398/410 463/396/498
f 463/396/498 90/398/410 460/397/499
f 460/397/499 90/398/410 269/112/239 262/111/238
f 170/241/408 248/240/228 240/399/227 97/400/337
f 102/299/338 246/159/226 239/401/482 100/372/436
f 272/267/424 251/402/488 155/382/181 96/403/180
f 197/109/210 192/678/209 136/677/413 135/242/409
f 291/322/248 292/421/500 290/114/159 101/405/162 98/158/336 243/406/335
f 294/407/160 300/422/501 293/408/455 371/328/270 106/409/374 104/106/161
f 330/352/264 337/426/502 336/116/183 162/410/186 161/197/385 391/411/384
f 312/174/357 306/416/252 286/419/244 309/412/247
f 359/187/372 298/417/255 332/413/258 362/414/263
f 171/122/203 172/428/200 178/432/503 177/126/310
f 172/427/200 173/125/199 179/220/309 178/431/503
f 177/126/310 178/432/503 217/458/504 216/693/324
f 178/431/503 179/220/309 218/236/403 217/457/504
f 180/130/312 181/433/505 184/436/506 183/128/313
f 181/434/505 182/375/484 185/143/322 184/435/506
f 182/375/484 181/434/505 187/438/507 188/376/485
f 181/433/505 180/130/312 186/131/314 187/705/507
f 188/376/485 187/438/507 190/440/508 191/379/487
f 187/437/507 186/703/314 189/141/315 190/439/508
f 192/404/209 193/679/206 444/610/509 443/246/414
f 193/441/206 194/701/205 445/282/428 444/609/509
f 195/136/208 196/444/207 205/450/510 204/270/318
f 196/443/207 197/680/210 206/385/491 205/449/510
f 201/134/214 202/448/213 211/454/511 210/139/320
f 202/447/213 203/251/216 212/253/418 211/453/511
f 204/270/318 205/450/510 208/452/512 207/138/319
f 205/449/510 206/385/491 209/383/490 208/451/512
f 207/138/319 208/452/512 465/624/513 464/271/426
f 208/451/512 209/383/490 466/384/489 465/623/513
f 210/139/320 211/454/511 429/600/514 428/224/404
f 211/453/511 212/253/418 430/239/407 429/691/514
f 191/379/487 190/440/508 214/456/515 215/378/486
f 190/439/508 189/141/315 213/145/321 214/455/515
f 183/128/313 184/436/506 217/457/504 218/236/403
f 184/435/506 185/143/322 216/222/324 217/694/504
f 215/378/486 214/456/515 220/460/516 221/377/406
f 214/455/515 213/145/321 219/237/325 220/459/516
f 222/152/221 223/462/218 229/466/517 228/683/328
f 223/461/218 224/367/217 230/369/480 229/465/517
f 198/133/215 199/446/212 226/463/219 227/230/222
f 199/445/212 200/232/211 225/149/220 226/464/219
f 228/153/328 229/685/517 232/468/518 231/233/331
f 229/465/517 230/369/480 233/373/481 232/467/518
f 231/233/331 232/468/518 235/470/519 234/155/332
f 232/467/518 233/373/481 236/371/483 235/469/519
f 234/155/332 235/470/519 238/472/520 237/157/334
f 235/469/519 236/371/483 239/401/482 238/471/520
f 240/399/227 241/474/224 244/476/521 243/406/335
f 241/473/224 242/167/223 245/171/349 244/475/521
f 237/157/334 238/472/520 247/477/225 248/240/228
f 238/471/520 239/401/482 246/159/226 247/478/225
f 249/160/340 250/479/522 271/495/523 270/198/348
f 250/480/522 251/402/488 272/267/424 271/494/523
f 251/402/488 250/480/522 253/482/524 254/298/437
f 250/479/522 249/160/340 252/162/343 253/481/524
f 254/298/437 253/482/524 256/484/525 257/301/438
f 253/481/524 252/162/343 255/164/345 256/483/525
f 257/301/438 256/484/525 259/485/230 260/300/229
f 256/483/525 255/164/345 258/169/233 259/486/230
f 266/266/423 265/491/526 271/494/523 272/267/424
f 265/492/526 264/415/234 270/198/348 271/495/523
f 243/406/335 244/476/521 280/501/527 281/321/446
f 244/475/521 245/171/349 279/172/351 280/500/527
f 281/321/446 280/501/527 283/503/528 284/331/448
f 280/500/527 279/172/351 282/173/354 283/502/528
f 309/412/247 310/521/246 319/527/529 318/175/358
f 310/520/246 311/332/249 320/323/447 319/526/529
f 301/105/194 307/518/530 313/523/531 314/347/462
f 307/519/530 306/416/252 312/174/357 313/522/531
f 284/331/448 283/503/528 316/525/532 317/324/449
f 283/502/528 282/173/354 315/180/355 316/524/532
f 318/175/358 319/527/529 325/531/533 324/177/360
f 319/526/529 320/323/447 326/333/450 325/530/533
f 314/347/462 313/523/531 322/529/534 323/340/463
f 313/522/531 312/174/357 321/176/359 322/528/534
f 324/177/360 325/531/533 342/542/535 341/179/363
f 325/530/533 326/333/450 343/325/451 342/541/535
f 323/340/463 322/529/534 328/533/536 329/349/465
f 322/528/534 321/176/359 327/178/361 328/532/536
f 329/349/465 328/533/536 339/540/537 340/342/466
f 328/532/536 327/178/361 338/181/362 339/539/537
f 341/179/363 342/542/535 351/548/538 350/182/367
f 342/541/535 343/325/451 352/335/454 351/547/538
f 317/324/449 316/525/532 345/544/539 346/334/452
f 316/524/532 315/180/355 344/191/364 345/543/539
f 340/342/466 339/540/537 348/546/540 349/351/468
f 339/539/537 338/181/362 347/183/366 348/545/540
f 350/182/367 351/548/538 357/552/541 356/184/369
f 351/547/538 352/335/454 358/329/458 357/551/541
f 349/351/468 348/546/540 354/550/542 355/343/469
f 348/545/540 347/183/366 353/185/368 354/549/542
f 356/184/369 357/552/541 366/558/543 365/186/370
f 357/551/541 358/329/458 367/337/457 366/557/543
f 293/408/455 299/512/544 360/554/545 361/327/456
f 299/513/544 298/417/255 359/187/372 360/553/545
f 362/414/263 363/556/262 369/560/546 368/188/371
f 363/555/262 364/345/265 370/354/472 369/559/546
f 361/327/456 360/554/545 366/557/543 367/337/457
f 360/553/545 359/187/372 365/186/370 366/558/543
f 355/343/469 354/550/542 369/559/546 370/354/472
f 354/549/542 353/185/368 368/188/371 369/560/546
f 371/328/270 372/562/267 375/564/547 374/190/375
f 372/561/267 373/697/266 376/357/475 375/563/547
f 374/190/375 375/564/547 396/578/548 395/200/388
f 375/563/547 376/357/475 397/363/476 396/577/548
f 346/334/452 345/544/539 378/566/549 379/326/453
f 345/543/539 344/191/364 377/192/377 378/565/549
f 379/326/453 378/566/549 381/568/550 382/336/459
f 378/565/549 377/192/377 380/196/379 381/567/550
f 383/193/269 384/570/268 387/572/551 386/195/383
f 384/569/268 385/338/271 388/330/460 387/571/551
f 382/336/459 381/568/550 387/571/551 388/330/460
f 381/567/550 380/196/379 386/195/383 387/572/551
f 389/317/432 390/698/552 393/576/553 394/294/433
f 390/574/552 391/411/384 392/211/387 393/575/553
f 395/200/388 396/578/548 405/584/554 404/205/392
f 396/577/548 397/363/476 406/359/478 405/583/554
f 174/148/202 175/430/201 402/581/274 403/226/277
f 175/429/201 176/227/204 401/202/275 402/582/274
f 404/205/392 405/584/554 408/586/555 407/686/394
f 405/583/554 406/359/478 409/365/477 408/585/555
f 407/209/394 408/688/555 417/592/556 416/214/397
f 408/585/555 409/365/477 418/362/479 417/591/556
f 394/294/433 393/576/553 411/587/279 412/297/278
f 393/575/553 392/211/387 410/213/282 411/588/279
f 413/296/281 414/590/280 420/594/557 419/215/398
f 414/589/280 415/216/283 421/381/399 420/593/557
f 398/208/276 399/580/273 417/591/556 418/362/479
f 399/579/273 400/118/272 416/214/397 417/592/556
f 419/215/398 420/594/557 474/632/558 473/286/302
f 420/593/557 421/381/399 475/119/300 474/631/558
f 422/219/402 423/595/559 468/626/560 467/278/427
f 423/596/559 424/388/493 469/389/494 468/625/560
f 424/388/493 423/596/559 426/598/561 427/387/492
f 423/595/559 422/219/402 425/275/401 426/597/561
f 221/377/406 220/460/516 429/599/514 430/689/407
f 220/459/516 219/237/325 428/224/404 429/600/514
f 431/249/288 432/602/285 435/604/562 434/243/411
f 432/601/285 433/257/284 436/268/419 435/603/562
f 434/243/411 435/604/562 447/612/563 446/248/415
f 435/603/562 436/268/419 448/273/425 447/611/563
f 427/387/492 426/598/561 438/605/291 439/386/290
f 426/597/561 425/275/401 437/280/294 438/606/291
f 440/244/293 441/608/292 453/616/564 452/250/416
f 441/607/292 442/284/295 454/290/429 453/615/564
f 449/263/287 450/614/286 456/618/565 455/259/420
f 450/613/286 451/394/289 457/395/497 456/617/565
f 455/259/420 456/618/565 462/622/566 461/265/421
f 456/617/565 457/395/497 463/396/498 462/621/566
f 262/111/238 261/487/567 459/620/568 460/397/499
f 261/488/567 266/266/423 458/261/422 459/619/568
f 460/397/499 459/620/568 462/621/566 463/396/498
f 459/619/568 458/261/422 461/265/421 462/622/566
f 446/248/415 447/612/563 465/623/513 466/384/489
f 447/611/563 448/273/425 464/271/426 465/624/513
f 443/246/414 444/610/509 468/625/560 469/389/494
f 444/609/509 445/282/428 467/278/427 468/626/560
f 476/287/305 477/634/304 483/638/569 482/293/431
f 477/633/304 478/391/306 484/392/495 483/637/569
f 452/250/416 453/616/564 480/636/570 481/393/496
f 453/615/564 454/290/429 479/288/430 480/635/570
f 481/393/496 480/636/570 483/637/569 484/392/495
f 480/635/570 479/288/430 482/293/431 483/638/569
f 485/312/242 486/640/241 489/642/571 488/305/439
f 486/639/241 487/339/243 490/348/461 489/641/571
f 488/305/439 489/642/571 492/644/572 491/314/440
f 489/641/571 490/348/461 493/341/464 492/643/572
f 491/314/440 492/644/572 495/646/573 494/307/441
f 492/643/572 493/341/464 496/350/467 495/645/573
f 494/307/441 495/646/573 498/648/574 497/316/442
f 495/645/573 496/350/467 499/344/471 498/647/574
f 497/316/442 498/648/574 501/650/575 500/309/443
f 498/647/574 499/344/471 502/355/470 501/649/575
f 500/309/443 501/650/575 507/654/576 506/319/444
f 501/649/575 502/355/470 508/346/474 507/653/576
f 391/411/384 390/574/552 504/652/577 505/353/473
f 390/573/552 389/696/432 503/310/445 504/651/577
f 505/353/473 504/652/577 507/653/576 508/346/474
f 504/651/577 503/310/445 506/319/444 507/654/576
f 265/491/526 266/266/423 261/488/567 512/658/578
f 261/487/567 262/111/238 263/490/235 512/656/578
f 263/489/235 264/415/234 265/492/526 512/657/578
f 278/418/190 273/113/189 274/497/240 513/660/579
f 274/496/240 275/303/232 276/499/231 513/659/579
f 276/498/231 277/110/191 278/418/190 513/660/579
f 292/421/500 291/322/248 285/505/245 514/662/580
f 285/504/245 286/419/244 287/507/250 514/663/580
f 287/506/250 288/420/198 289/509/253 514/661/580
f 289/508/253 290/114/159 292/421/500 514/662/580
f 299/512/544 293/408/455 300/422/501 515/665/581
f 295/510/254 296/423/197 297/511/256 515/664/581
f 297/511/256 298/417/255 299/513/544 515/664/581
f 307/518/530 301/105/194 308/104/193 516/668/582
f 308/104/193 302/424/184 303/515/259 516/668/582
f 303/514/259 304/115/195 305/517/251 516/666/582
f 305/516/251 306/416/252 307/519/530 516/667/582
f 337/426/502 330/352/264 331/535/261 517/670/583
f 331/534/261 332/413/258 333/536/257 517/669/583
f 333/536/257 334/425/196 335/538/260 517/669/583
f 335/537/260 336/116/183 337/426/502 517/670/583
f 474/631/558 475/119/300 470/628/297 518/673/584
f 470/627/297 471/121/296 472/630/303 518/671/584
f 472/629/303 473/286/302 474/632/558 518/672/584
f 294/407/160 295/674/254 515/665/581 300/422/501
g default
v 70.224442 8.389953 -5.350708
v 71.160378 8.389953 -5.350708
v 70.224442 9.404163 -5.350708
v 71.160378 9.404164 -5.350708
v 70.224442 9.404164 -6.286639
v 71.160378 9.404164 -6.286639
v 70.224442 8.389953 -6.286639
v 71.160378 8.389953 -6.286639
vt 0.414355 0.921959
vt 0.437537 0.936728
vt 0.437174 0.963341
vt 0.437537 0.921359
vt 0.437174 0.947973
vt 0.422992 0.963341
vt 0.422992 0.947973
vt 0.413755 0.963286
vt 0.413755 0.947917
vt 0.400173 0.921959
vt 0.400173 0.937327
vt 0.414355 0.937327
vt 0.423355 0.921359
vt 0.399573 0.947917
vt 0.423355 0.936728
vt 0.399573 0.963286
vn -0.000000 0.000000 1.000000
vn -0.000000 0.000000 1.000000
vn -0.000000 0.000000 1.000000
vn -0.000000 0.000000 1.000000
vn 0.000000 0.000000 -1.000000
vn 0.000000 0.000000 -1.000000
vn 0.000000 0.000000 -1.000000
vn 0.000000 0.000000 -1.000000
vn 1.000000 0.000000 0.000000
vn 1.000000 0.000000 0.000000
vn 1.000000 0.000000 0.000000
vn 1.000000 0.000000 0.000000
vn -1.000000 0.000000 0.000000
vn -1.000000 0.000000 0.000000
vn -1.000000 0.000000 0.000000
vn -1.000000 0.000000 0.000000
s off
g mid scale_low s_9_low
usemtl lambert13SG
f 519/707/585 520/720/586 522/718/587 521/709/588
f 523/717/589 524/716/590 526/715/591 525/706/592
f 520/708/593 526/711/594 524/712/595 522/710/596
f 525/713/597 519/721/598 521/719/599 523/714/600
g default
v 63.163746 1.317331 -16.389479
v 78.155163 1.314861 -16.389479
v 78.152805 2.564385 -16.358503
v 77.957798 2.812248 -16.366127
v 77.656688 2.905857 -16.375809
v 78.173015 2.249574 -16.355625
v 77.020695 2.905845 -16.394829
v 76.484974 2.905823 -16.432867
v 75.251659 2.905803 -16.464567
v 74.018337 2.905785 -16.496267
v 72.785015 2.905766 -16.527969
v 63.664856 2.905606 -16.405748
v 63.363712 2.811986 -16.397451
v 63.168674 2.564116 -16.390919
v 63.148449 2.249304 -16.466522
v 63.253406 1.046160 10.955111
v 78.072429 1.046160 10.955543
v 78.060566 0.989266 -16.389479
v 63.267433 0.988993 -16.389479
v 63.227245 1.370493 10.967104
v 78.092129 1.376270 10.969666
vt 0.248640 0.907680
vt 0.185899 0.970938
vt 0.207299 0.964093
vt 0.207574 0.954455
vt 0.212739 0.752075
vt 0.211430 0.747477
vt 0.207750 0.744426
vt 0.202999 0.744248
vt 0.205752 0.968616
vt 0.201914 0.970938
vt 0.197138 0.970938
vt 0.207810 0.946319
vt 0.208333 0.927631
vt 0.208856 0.908942
vt 0.209379 0.890254
vt 0.991100 0.827711
vt 0.986138 0.827711
vt 0.986138 0.602810
vt 0.991100 0.602810
vt 0.308939 0.885928
vt 0.243567 0.907680
vt 0.810113 0.901763
vt 0.805040 0.901763
vt 0.308939 0.471569
vt 0.533297 0.471569
vt 0.243567 0.493168
vt 0.248640 0.493168
vt 0.185899 0.744248
vt 0.810113 0.487216
vt 0.533297 0.885927
vt 0.180944 0.744248
vt 0.805040 0.487216
vt 0.180944 0.970938
vn -0.003072 -0.130381 -0.991459
vn -0.003619 -0.043574 -0.999044
vn -0.003072 -0.130381 -0.991459
vn -0.003072 -0.130381 -0.991459
vn -0.003955 -0.044895 -0.998984
vn -0.003072 -0.130381 -0.991459
vn -0.003072 -0.130381 -0.991459
vn -0.003072 -0.130381 -0.991459
vn -0.003072 -0.130381 -0.991459
vn -0.003072 -0.130381 -0.991459
vn -0.003072 -0.130381 -0.991459
vn -0.003072 -0.130381 -0.991459
vn -0.003072 -0.130381 -0.991459
vn -0.003072 -0.130381 -0.991459
vn -0.003072 -0.130381 -0.991459
vn 0.000009 -0.999998 0.002086
vn 0.000009 -0.999998 0.002086
vn 0.000009 -0.999998 0.002086
vn 0.000009 -0.999998 0.002086
vn -0.980775 -0.195140 0.001281
vn -0.980775 -0.195140 0.001281
vn -0.980775 -0.195140 0.001281
vn -0.980775 -0.195140 0.001281
vn -0.000093 -0.039877 0.999205
vn -0.000093 -0.039877 0.999205
vn -0.000093 -0.039877 0.999205
vn -0.000093 -0.039877 0.999205
vn 0.985137 -0.171767 0.001293
vn 0.985137 -0.171767 0.001293
vn 0.985137 -0.171767 0.001293
vn 0.985137 -0.171767 0.001293
vn 0.000000 0.000000 -1.000000
vn 0.000000 0.000000 -1.000000
s 1
g mid scale_low s_10_low
usemtl lambert13SG
f 531/724/601 528/723/602 533/725/603
f 538/726/604 527/749/605 539/727/606
f 539/727/606 527/749/605 540/728/607
f 540/728/607 527/749/605 541/729/608
f 530/730/609 528/723/602 531/724/601
f 530/730/609 529/731/610 528/723/602
f 528/723/602 529/731/610 532/732/611
f 533/725/603 528/723/602 534/733/612
f 534/733/612 528/723/602 535/734/613
f 535/734/613 528/723/602 536/735/614
f 536/735/614 528/723/602 537/736/615
f 537/736/615 528/723/602 527/749/605 538/726/604
s off
f 545/751/616 544/741/617 543/745/618 542/746/619
f 546/748/620 527/722/621 545/742/622 542/747/623
f 546/737/624 542/738/625 543/739/626 547/740/627
f 544/753/628 528/750/629 547/743/630 543/744/631
s 1
f 528/723/602 544/754/632 545/752/633 527/749/605
g default
v 63.070711 0.670724 8.762435
v 62.618311 0.670724 8.310036
v 62.000338 0.670724 8.144448
v 61.382349 0.670724 8.310036
v 60.929957 0.670724 8.762435
v 60.764368 0.670724 9.380416
v 60.929957 0.670724 9.998399
v 61.382349 0.670724 10.450797
v 62.000338 0.670724 10.616385
v 62.618311 0.670724 10.450797
v 63.070711 0.670724 9.998399
v 63.236300 0.670724 9.380416
v 63.070711 1.061715 8.762435
v 62.618311 1.061715 8.310036
v 62.000338 1.061715 8.144448
v 61.382349 1.061715 8.310036
v 60.929957 1.061715 8.762435
v 60.764368 1.061715 9.380416
v 60.929957 1.061715 9.998399
v 61.382349 1.061715 10.450797
v 62.000338 1.061715 10.616385
v 62.618311 1.061715 10.450797
v 63.070711 1.061715 9.998399
v 63.236300 1.061715 9.380416
v 62.615069 1.066690 9.040634
v 62.367152 1.066690 8.792721
v 62.028498 1.066690 8.701981
v 61.689844 1.066690 8.792721
v 61.441927 1.066690 9.040634
v 61.351191 1.066690 9.379288
v 61.441927 1.066690 9.717943
v 61.689844 1.066690 9.965856
v 62.028498 1.066690 10.056598
v 62.367152 1.066690 9.965856
v 62.615069 1.066690 9.717943
v 62.705805 1.066690 9.379288
v 62.615069 1.091690 9.040634
v 62.367152 1.091690 8.792721
v 62.028498 1.091690 8.701981
v 61.689844 1.091690 8.792721
v 61.441927 1.091690 9.040634
v 61.351191 1.091690 9.379288
v 61.441927 1.091690 9.717943
v 61.689844 1.091690 9.965856
v 62.028498 1.091690 10.056598
v 62.367152 1.091690 9.965856
v 62.615069 1.091690 9.717943
v 62.705805 1.091690 9.379288
vt 0.773098 0.961227
vt 0.773098 0.970921
vt 0.737726 0.868914
vt 0.737726 0.861080
vt 0.773098 0.980616
vt 0.737724 0.782748
vt 0.773098 0.873975
vt 0.737724 0.790581
vt 0.773098 0.883669
vt 0.737728 0.798415
vt 0.773098 0.893364
vt 0.737728 0.806248
vt 0.773098 0.903058
vt 0.737727 0.814081
vt 0.773098 0.912753
vt 0.737727 0.821914
vt 0.773098 0.922448
vt 0.737726 0.829747
vt 0.773098 0.932143
vt 0.737726 0.837581
vt 0.773098 0.941837
vt 0.737725 0.845414
vt 0.773098 0.951532
vt 0.737726 0.853247
vt 0.321709 0.984332
vt 0.321709 0.979018
vt 0.321709 0.925878
vt 0.321709 0.931191
vt 0.321709 0.936506
vt 0.321709 0.941820
vt 0.321709 0.947134
vt 0.321709 0.952448
vt 0.321709 0.957762
vt 0.321709 0.963076
vt 0.321709 0.968390
vt 0.321709 0.973704
vt 0.321331 0.984332
vt 0.321331 0.979018
vt 0.321331 0.925878
vt 0.321331 0.931191
vt 0.321331 0.936506
vt 0.321331 0.941820
vt 0.321331 0.947134
vt 0.321331 0.952448
vt 0.321331 0.957762
vt 0.321331 0.963076
vt 0.321331 0.968390
vt 0.321331 0.973704
vt 0.729893 0.853247
vt 0.729892 0.861080
vt 0.729892 0.845414
vt 0.729893 0.837581
vt 0.729893 0.829747
vt 0.729894 0.821914
vt 0.729894 0.814081
vt 0.729894 0.806248
vt 0.729892 0.798414
vt 0.729892 0.790582
vt 0.729893 0.782748
vt 0.729892 0.868914
vt 0.767174 0.951532
vt 0.767174 0.961227
vt 0.767174 0.941837
vt 0.767174 0.932143
vt 0.767174 0.922448
vt 0.767174 0.912753
vt 0.767174 0.903058
vt 0.767174 0.893364
vt 0.767174 0.883669
vt 0.767174 0.873975
vt 0.767174 0.864280
vt 0.767174 0.970921
vt 0.729892 0.876747
vt 0.321709 0.989646
vt 0.321331 0.989646
vt 0.767174 0.980616
vt 0.737726 0.876747
vt 0.773098 0.864280
vn 0.866026 0.000000 -0.499999
vn 0.500001 0.000000 -0.866024
vn 0.500001 0.000000 -0.866024
vn 0.866026 0.000000 -0.499999
vn 0.500001 0.000000 -0.866024
vn -0.000000 0.000000 -1.000000
vn -0.000000 0.000000 -1.000000
vn 0.500001 0.000000 -0.866024
vn -0.000000 0.000000 -1.000000
vn -0.500001 0.000000 -0.866025
vn -0.500001 0.000000 -0.866025
vn -0.000000 0.000000 -1.000000
vn -0.500001 0.000000 -0.866025
vn -0.866026 0.000000 -0.499999
vn -0.866026 0.000000 -0.499999
vn -0.500001 0.000000 -0.866025
vn -0.866026 0.000000 -0.499999
vn -1.000000 0.000000 -0.000000
vn -1.000000 0.000000 -0.000000
vn -0.866026 0.000000 -0.499999
vn -1.000000 0.000000 -0.000000
vn -0.866027 0.000000 0.499998
vn -0.866027 0.000000 0.499998
vn -1.000000 0.000000 -0.000000
vn -0.866027 0.000000 0.499998
vn -0.500001 0.000000 0.866024
vn -0.500001 0.000000 0.866024
vn -0.866027 0.000000 0.499998
vn -0.500001 0.000000 0.866024
vn -0.000000 0.000000 1.000000
vn -0.000000 0.000000 1.000000
vn -0.500001 0.000000 0.866024
vn -0.000000 0.000000 1.000000
vn 0.500002 0.000000 0.866024
vn 0.500002 0.000000 0.866024
vn -0.000000 0.000000 1.000000
vn 0.500002 0.000000 0.866024
vn 0.866027 0.000000 0.499998
vn 0.866027 0.000000 0.499998
vn 0.500002 0.000000 0.866024
vn 0.866027 0.000000 0.499998
vn 1.000000 0.000000 -0.000000
vn 1.000000 0.000000 -0.000000
vn 0.866027 0.000000 0.499998
vn 1.000000 0.000000 -0.000000
vn 0.866026 0.000000 -0.499999
vn 0.866026 0.000000 -0.499999
vn 1.000000 0.000000 -0.000000
vn 0.008047 0.999957 -0.004700
vn 0.004503 0.999958 -0.007963
vn 0.004627 0.999958 -0.007898
vn 0.008089 0.999957 -0.004632
vn 0.004503 0.999958 -0.007963
vn -0.000092 0.999960 -0.008918
vn 0.000066 0.999960 -0.008926
vn 0.004627 0.999958 -0.007898
vn -0.000092 0.999960 -0.008918
vn -0.004416 0.999962 -0.007493
vn -0.004303 0.999962 -0.007564
vn 0.000066 0.999960 -0.008926
vn -0.004416 0.999962 -0.007493
vn -0.007417 0.999964 -0.004230
vn -0.007380 0.999964 -0.004298
vn -0.004303 0.999962 -0.007564
vn -0.007417 0.999964 -0.004230
vn -0.008477 0.999964 0.000003
vn -0.008477 0.999964 -0.000002
vn -0.007380 0.999964 -0.004298
vn -0.008477 0.999964 0.000003
vn -0.007400 0.999964 0.004227
vn -0.007368 0.999964 0.004286
vn -0.008477 0.999964 -0.000002
vn -0.007400 0.999964 0.004227
vn -0.004398 0.999963 0.007469
vn -0.004291 0.999962 0.007537
vn -0.007368 0.999964 0.004286
vn -0.004398 0.999963 0.007469
vn -0.000091 0.999961 0.008882
vn 0.000065 0.999961 0.008890
vn -0.004291 0.999962 0.007537
vn -0.000091 0.999961 0.008882
vn 0.004483 0.999958 0.007936
vn 0.004613 0.999958 0.007868
vn 0.000065 0.999961 0.008890
vn 0.004483 0.999958 0.007936
vn 0.008027 0.999957 0.004696
vn 0.008075 0.999957 0.004618
vn 0.004613 0.999958 0.007868
vn 0.008027 0.999957 0.004696
vn 0.009377 0.999956 0.000004
vn 0.009377 0.999956 -0.000003
vn 0.008075 0.999957 0.004618
vn 0.009377 0.999956 0.000004
vn 0.008047 0.999957 -0.004700
vn 0.008089 0.999957 -0.004632
vn 0.009377 0.999956 -0.000003
vn 0.866026 0.000000 -0.499999
vn 0.499997 0.000000 -0.866027
vn 0.499997 0.000000 -0.866027
vn 0.866026 0.000000 -0.499999
vn 0.499997 0.000000 -0.866027
vn 0.000000 0.000000 -1.000000
vn 0.000000 0.000000 -1.000000
vn 0.499997 0.000000 -0.866027
vn 0.000000 0.000000 -1.000000
vn -0.499997 0.000000 -0.866027
vn -0.499997 0.000000 -0.866027
vn 0.000000 0.000000 -1.000000
vn -0.499997 0.000000 -0.866027
vn -0.866026 0.000000 -0.499999
vn -0.866026 0.000000 -0.499999
vn -0.499997 0.000000 -0.866027
vn -0.866026 0.000000 -0.499999
vn -1.000000 0.000000 0.000000
vn -1.000000 0.000000 0.000000
vn -0.866026 0.000000 -0.499999
vn -1.000000 0.000000 0.000000
vn -0.866026 0.000000 0.499999
vn -0.866026 0.000000 0.499999
vn -1.000000 0.000000 0.000000
vn -0.866026 0.000000 0.499999
vn -0.500001 0.000000 0.866025
vn -0.500001 0.000000 0.866025
vn -0.866026 0.000000 0.499999
vn -0.500001 0.000000 0.866025
vn 0.000000 0.000000 1.000000
vn 0.000000 0.000000 1.000000
vn -0.500001 0.000000 0.866025
vn 0.000000 0.000000 1.000000
vn 0.500001 0.000000 0.866025
vn 0.500001 0.000000 0.866025
vn 0.000000 0.000000 1.000000
vn 0.500001 0.000000 0.866025
vn 0.866026 0.000000 0.499999
vn 0.866026 0.000000 0.499999
vn 0.500001 0.000000 0.866025
vn 0.866026 0.000000 0.499999
vn 1.000000 0.000000 0.000000
vn 1.000000 0.000000 0.000000
vn 0.866026 0.000000 0.499999
vn 1.000000 0.000000 0.000000
vn 0.866026 0.000000 -0.499999
vn 0.866026 0.000000 -0.499999
vn 1.000000 0.000000 0.000000
s off
g mid scale_low s_8_low
usemtl lambert13SG
f 548/755/634 549/756/635 561/826/636 560/816/637
f 549/756/638 550/759/639 562/830/640 561/826/641
f 550/832/642 551/761/643 563/824/644 562/825/645
f 551/761/646 552/763/647 564/823/648 563/824/649
f 552/763/650 553/765/651 565/822/652 564/823/653
f 553/765/654 554/767/655 566/821/656 565/822/657
f 554/767/658 555/769/659 567/820/660 566/821/661
f 555/769/662 556/771/663 568/819/664 567/820/665
f 556/771/666 557/773/667 569/818/668 568/819/669
f 557/773/670 558/775/671 570/817/672 569/818/673
f 558/775/674 559/777/675 571/815/676 570/817/677
f 559/777/678 548/755/679 560/816/680 571/815/681
f 560/758/682 561/757/683 573/814/684 572/804/685
f 561/757/686 562/831/687 574/827/688 573/814/689
f 562/760/690 563/762/691 575/812/692 574/813/693
f 563/762/694 564/764/695 576/811/696 575/812/697
f 564/764/698 565/766/699 577/810/700 576/811/701
f 565/766/702 566/768/703 578/809/704 577/810/705
f 566/768/706 567/770/707 579/808/708 578/809/709
f 567/770/710 568/772/711 580/807/712 579/808/713
f 568/772/714 569/774/715 581/806/716 580/807/717
f 569/774/718 570/776/719 582/805/720 581/806/721
f 570/776/722 571/778/723 583/803/724 582/805/725
f 571/778/726 560/758/727 572/804/728 583/803/729
f 572/780/730 573/779/731 585/791/732 584/792/733
f 573/779/734 574/828/735 586/829/736 585/791/737
f 574/781/738 575/782/739 587/794/740 586/793/741
f 575/782/742 576/783/743 588/795/744 587/794/745
f 576/783/746 577/784/747 589/796/748 588/795/749
f 577/784/750 578/785/751 590/797/752 589/796/753
f 578/785/754 579/786/755 591/798/756 590/797/757
f 579/786/758 580/787/759 592/799/760 591/798/761
f 580/787/762 581/788/763 593/800/764 592/799/765
f 581/788/766 582/789/767 594/801/768 593/800/769
f 582/789/770 583/790/771 595/802/772 594/801/773
f 583/790/774 572/780/775 584/792/776 595/802/777
g default
v 62.320552 0.904747 8.888681
v 61.714793 0.904747 8.888681
v 61.411914 0.904747 9.413287
v 61.714793 0.904747 9.937891
v 62.320552 0.904747 9.937891
v 62.623431 0.904747 9.413287
v 62.320552 1.440076 8.888681
v 61.714793 1.440076 8.888681
v 61.411914 1.440076 9.413287
v 61.714793 1.440076 9.937891
v 62.320552 1.440076 9.937891
v 62.623431 1.440076 9.413287
vt 0.740958 0.902526
vt 0.740958 0.911705
vt 0.740958 0.957602
vt 0.740958 0.948422
vt 0.740958 0.920885
vt 0.740958 0.930064
vt 0.740958 0.939243
vt 0.732846 0.957602
vt 0.732846 0.948422
vt 0.732846 0.902526
vt 0.732846 0.911705
vt 0.732846 0.920885
vt 0.732846 0.930064
vt 0.732846 0.939243
vn 0.000000 0.000000 -1.000000
vn 0.000000 0.000000 -1.000000
vn 0.000000 0.000000 -1.000000
vn 0.000000 0.000000 -1.000000
vn -0.866028 0.000000 -0.499996
vn -0.866028 0.000000 -0.499996
vn -0.866028 0.000000 -0.499996
vn -0.866028 0.000000 -0.499996
vn -0.866027 0.000000 0.499997
vn -0.866027 0.000000 0.499997
vn -0.866027 0.000000 0.499997
vn -0.866027 0.000000 0.499997
vn 0.000000 0.000000 1.000000
vn 0.000000 0.000000 1.000000
vn 0.000000 0.000000 1.000000
vn 0.000000 0.000000 1.000000
vn 0.866027 0.000000 0.499997
vn 0.866027 0.000000 0.499997
vn 0.866027 0.000000 0.499997
vn 0.866027 0.000000 0.499997
vn 0.866028 0.000000 -0.499996
vn 0.866028 0.000000 -0.499996
vn 0.866028 0.000000 -0.499996
vn 0.866028 0.000000 -0.499996
s off
g mid scale_low s_7_low
usemtl lambert13SG
f 596/833/778 597/834/779 603/843/780 602/842/781
f 597/834/782 598/837/783 604/844/784 603/843/785
f 598/837/786 599/838/787 605/845/788 604/844/789
f 599/838/790 600/839/791 606/846/792 605/845/793
f 600/839/794 601/836/795 607/841/796 606/846/797
f 601/836/798 596/835/799 602/840/800 607/841/801
g default
v 80.880105 3.478647 -13.660842
v 79.898625 3.478647 -12.699170
v 79.898626 3.478647 -12.699485
v 61.220793 6.842027 1.202838
v 61.490870 6.852974 2.114190
v 61.499958 8.409906 1.943210
v 61.303529 8.409906 1.230575
v 60.298095 3.398453 8.764004
v 60.186999 3.398459 3.565903
v 61.479013 3.399352 7.271555
v 60.256782 3.415539 8.769443
v 60.149678 3.417052 3.590972
v 60.239667 3.456840 8.771697
v 60.134217 3.461997 3.601359
v 60.462988 6.695587 2.184464
v 60.459809 6.632838 3.995761
v 60.620129 6.669459 4.000590
v 61.046003 6.685844 3.514577
v 80.612523 4.861226 -15.430278
v 80.623014 5.668395 -15.456168
v 81.057235 4.855602 -13.668605
v 61.308206 6.678242 2.333502
v 60.266799 4.787212 8.762009
v 60.178909 5.522793 4.095471
v 79.604853 6.096117 -14.898294
v 79.772543 6.221647 -14.439005
v 80.518184 5.828905 -15.395644
v 77.859273 6.643883 -13.640239
v 79.013283 6.742895 -13.495438
v 62.368976 6.775232 2.485958
v 61.083868 6.699817 3.838927
v 61.672201 5.152854 3.727640
v 61.472665 5.114462 3.923466
v 61.399629 4.127181 8.434540
v 77.409503 8.332163 -13.576003
v 77.692340 6.636429 -13.642533
v 77.131708 6.635391 -13.579822
v 61.399629 5.062016 4.190966
v 61.944774 5.166907 3.655963
v 61.375379 6.558592 4.048526
v 61.175868 6.527097 4.245799
v 60.942192 6.685844 4.000590
v 75.915584 8.332163 -13.596528
v 61.102834 6.474832 4.513336
v 80.593944 5.768082 -15.439384
v 81.057235 5.915662 -13.668542
v 61.287179 6.680298 4.001433
v 61.079015 6.644223 4.212879
v 81.054814 6.013841 -13.668449
v 61.647930 6.567171 3.975702
v 60.994712 6.583657 4.521562
v 61.632348 6.685844 3.879334
v 62.739511 5.166905 3.655963
v 78.156463 8.332163 -13.565743
v 81.047603 6.078170 -13.668183
v 61.147605 6.605377 4.245344
v 61.349400 6.640753 4.044226
v 61.071288 6.550627 4.524951
v 60.361142 6.635140 3.991772
v 60.320273 6.547220 3.982144
v 60.382777 5.696454 8.891783
v 61.643322 6.649461 3.955784
v 80.065533 6.380809 -13.636513
v 60.481456 5.702499 8.879454
v 63.534247 5.166904 3.655963
v 79.730083 6.737332 -13.274684
v 62.730007 6.685844 3.853232
v 62.739983 6.649459 3.929683
v 60.997483 5.642924 8.726843
v 62.196966 6.685844 3.488472
v 62.475828 8.332163 2.378992
v 62.744173 6.567169 3.949601
v 63.115264 6.775232 2.485958
v 64.328983 5.166903 3.655963
v 61.895770 3.399352 8.826919
v 60.851520 3.398444 10.611988
v 60.814481 3.415535 10.633372
v 80.998264 3.347894 -5.942243
v 81.040120 3.478647 -13.666285
v 81.039893 3.364435 -5.942239
v 61.074096 5.614011 8.710747
v 81.057235 3.405741 -5.942220
v 81.057236 3.478647 -13.668542
v 60.342248 5.595848 8.896856
v 63.525694 6.685844 3.853229
v 63.534673 6.649458 3.929679
v 63.538444 6.567167 3.949601
v 60.799138 3.456836 10.642230
v 80.152167 6.775232 -12.504609
v 61.767532 3.803890 9.807487
v 63.045958 6.685844 3.488469
v 64.321380 6.685844 3.853229
v 64.329361 6.649456 3.929679
v 63.861551 6.775232 2.485958
v 78.903421 8.332163 -13.555482
v 61.105665 5.539845 8.691010
v 64.332713 6.567166 3.949601
v 79.657461 8.332163 -13.234007
v 65.117067 6.685844 3.853225
v 65.124050 6.649454 3.929675
v 62.672689 3.590771 10.712593
v 65.123719 5.166901 3.655963
v 63.912271 3.505510 11.022775
v 65.126983 6.567164 3.949601
v 60.836733 5.175600 10.609161
v 60.919951 5.224942 10.563426
v 79.894725 3.361929 -5.661985
v 65.918455 5.166899 3.655963
v 63.968403 8.332163 2.378992
v 65.912753 6.685844 3.853225
v 65.918739 6.649453 3.929675
v 61.453587 5.310173 10.258255
v 60.803335 5.075142 10.627396
v 61.551083 5.216211 10.182223
v 65.921253 6.567162 3.949601
v 61.522597 5.287783 10.213712
v 81.057235 6.432531 -5.936234
v 81.016362 6.531189 -5.940489
v 80.917687 6.572055 -5.942250
v 62.704756 5.053339 11.162614
v 65.354125 6.775232 2.485958
v 60.846611 4.524063 10.661057
v 64.743939 6.685844 3.488465
v 62.110132 4.882430 11.902279
v 62.157906 4.937190 11.823609
v 62.647579 5.138021 11.279822
v 62.688090 5.122284 11.206258
v 80.078407 8.332163 -12.415578
v 62.091378 4.782855 11.933209
v 65.460978 8.332163 2.378992
v 63.970503 4.917305 11.429950
v 63.956103 4.943663 11.559025
v 81.057235 5.465603 -5.942250
v 63.937738 4.811375 12.231761
v 63.924425 4.765702 12.327727
v 62.164948 3.398444 11.864670
v 63.034372 3.399352 9.965520
v 63.966425 4.950607 11.477232
v 62.143564 3.415535 11.901710
v 62.134705 3.456836 11.917051
v 63.919017 4.666785 12.366597
v 79.894725 3.399352 1.684032
v 62.120298 4.331428 11.917228
v 80.998534 3.398464 2.205441
v 81.040038 3.415624 2.227413
v 63.867494 3.398444 12.345132
v 64.589735 3.399352 10.382279
v 63.833067 3.415535 12.322913
v 81.057234 3.457118 2.236512
v 72.275410 6.567155 3.949597
v 72.276248 6.649447 3.929668
v 72.278243 6.685844 3.853218
v 73.069680 6.567157 3.949597
v 73.070937 6.649448 3.929668
v 80.114627 6.775232 -5.776266
v 73.073930 6.685844 3.853218
v 81.057208 5.515191 2.236515
v 73.863950 6.567159 3.949597
v 73.865626 6.649450 3.929671
v 73.869616 6.685844 3.853221
v 63.830814 3.456836 12.340026
v 77.641814 3.505513 11.313716
v 72.276343 5.166891 3.655963
v 80.917659 6.678242 2.236519
v 80.038787 8.332163 -5.784625
v 81.016326 6.637374 2.236519
v 74.658220 6.567161 3.949601
v 74.660315 6.649452 3.929671
v 74.665302 6.685844 3.853221
v 73.071079 5.166893 3.655963
v 63.898561 4.260916 12.337380
v 75.452490 6.567162 3.949601
v 75.455004 6.649453 3.929675
v 73.865815 5.166895 3.655963
v 75.460988 6.685844 3.853225
v 74.660551 5.166897 3.655963
v 76.246760 6.567164 3.949601
v 76.249693 6.649454 3.929675
v 76.256675 6.685844 3.853225
v 75.455287 5.166899 3.655963
v 81.057196 6.538708 2.236519
v 77.041030 6.567166 3.949601
v 77.044381 6.649456 3.929679
v 76.250024 5.166901 3.655963
v 76.784002 3.399352 10.382279
v 81.004453 3.406061 3.939029
v 77.052361 6.685844 3.853229
v 81.041773 3.424653 3.964098
v 77.044760 5.166903 3.655963
v 77.835299 6.567167 3.949601
v 81.057235 3.469598 3.974485
v 77.839069 6.649458 3.929679
v 77.848047 6.685844 3.853229
v 80.266256 4.127181 8.673426
v 77.839495 5.166904 3.655963
v 80.126122 6.775232 1.380618
v 79.811994 6.775232 2.139004
v 78.860151 6.827156 2.515482
v 77.536075 3.343248 12.254285
v 79.894725 3.406954 3.273305
v 79.894724 3.399352 7.271555
v 78.629568 6.567169 3.949601
v 78.633758 6.649459 3.929683
v 78.926375 5.166905 3.894849
v 78.643733 6.685844 3.853232
v 72.070711 6.775232 2.485958
v 77.364144 4.917313 11.401015
v 81.057235 5.522793 3.974485
v 77.368223 4.985520 11.448296
v 79.721111 5.166907 3.894849
v 79.683407 6.567171 3.962770
v 79.688016 6.649461 3.942852
v 77.378545 4.999360 11.530097
v 80.193221 5.114462 4.162352
v 80.266256 5.062016 4.429852
v 80.155470 6.527097 4.232867
v 79.698988 6.685844 3.866401
v 80.008359 8.332163 1.312290
v 78.942520 8.332163 2.342268
v 79.993683 5.152854 3.966526
v 81.033651 3.398453 8.838552
v 80.065533 6.685844 2.611070
v 80.025762 6.685844 3.488476
v 81.074963 3.415539 8.843991
v 72.384851 6.685844 3.488454
v 79.700908 8.332163 2.028138
v 77.458169 4.830981 12.214903
v 77.470406 4.774865 12.303164
v 79.955957 6.558592 4.035594
v 79.983359 6.640890 4.030162
v 81.057235 6.500332 3.960868
v 80.048952 6.680759 3.984671
v 78.993200 3.590771 10.951479
v 80.228505 6.474832 4.500404
v 80.247468 6.699817 3.825995
v 72.177563 8.332163 2.378992
v 80.183797 6.605385 4.232375
v 79.858545 3.803890 10.070025
v 80.389149 6.685844 3.987658
v 80.711211 6.659066 3.987658
v 80.252538 6.644247 4.199824
v 77.541514 3.360338 12.295594
v 80.260048 6.550627 4.512019
v 80.336627 6.583657 4.508629
v 81.092079 3.456840 8.846245
v 73.563286 6.775232 2.485958
v 79.477969 3.399352 8.826919
v 80.158481 5.539768 8.791423
v 80.190070 5.613987 8.811156
v 77.475174 4.676020 12.337380
v 80.266739 5.642921 8.827270
v 80.917699 6.639868 3.974488
v 80.918027 5.621696 8.856624
v 81.016366 6.598999 3.970500
v 81.016704 5.577961 8.868949
v 74.082832 6.685844 3.488461
v 73.670138 8.332163 2.378992
v 80.487740 3.398444 10.626844
v 80.524778 3.415535 10.648228
v 78.806336 5.002699 11.067026
v 80.540122 3.456836 10.657086
v 81.057234 5.477355 8.874022
v 78.823043 5.071627 11.110740
v 79.743298 5.216212 10.175348
v 75.055860 6.775232 2.485958
v 78.863655 5.087324 11.184426
v 79.771930 5.287765 10.206922
v 79.841285 5.310110 10.251668
v 79.200839 4.938010 11.787003
v 79.269481 4.782921 11.900126
v 79.250132 4.882680 11.868322
v 80.447764 5.225747 10.593209
v 80.535428 5.175833 10.641257
v 75.780813 6.685844 3.488465
v 75.162713 8.332163 2.378992
v 80.570608 5.075142 10.660546
v 76.548434 6.775232 2.485958
v 76.655286 8.332163 2.378992
v 78.263323 6.791338 2.466639
v 78.147861 8.332163 2.378992
v 77.543767 3.401639 12.312707
v 77.475174 4.260916 12.337373
v 81.089451 4.787212 8.922044
v 79.242203 3.398444 11.872382
v 78.339365 3.399352 9.965520
v 79.263586 3.415535 11.909421
v 79.272446 3.456836 11.924762
v 79.271754 4.331428 11.904858
v 80.533015 4.524063 10.629383
v 77.780581 6.594274 -13.640043
v 77.747559 6.483805 -13.637323
v 80.627581 3.478647 -15.456986
v 76.733156 6.635391 -13.585298
v 77.736392 5.703269 -13.614541
v 78.704751 5.897800 -15.798396
v 79.397481 3.478647 -14.125637
v 79.147138 5.683176 -16.655608
v 80.616740 3.478647 -15.443458
v 80.471867 3.478647 -15.410811
v 79.192953 5.625568 -16.734963
v 60.364321 6.654719 2.184464
v 77.690992 5.542015 -13.610441
v 77.571375 5.424420 -13.608665
v 60.323451 6.556053 2.184464
v 60.196968 5.515191 2.009633
v 76.311586 6.635391 -13.591089
v 77.409044 5.381449 -13.609683
v 61.479013 3.399352 2.995737
v 79.210757 5.526312 -16.765799
v 74.421666 8.332163 -13.617053
v 76.363287 5.381449 -13.645197
v 75.543515 6.635391 -13.601638
v 79.219137 3.478648 -16.820691
v 78.339366 3.478648 -15.295716
v 75.227988 5.381449 -13.661153
v 77.713788 5.886580 -16.198045
v 79.180222 4.837104 -16.823385
v 77.629726 5.849016 -16.220255
v 77.693659 5.689021 -17.191346
v 79.209638 3.478648 -16.805665
v 79.186645 3.478647 -16.769290
v 77.593125 5.762086 -16.229291
v 77.698067 5.633589 -17.282021
v 77.705444 5.533905 -17.314086
v 60.133221 3.460331 1.725886
v 77.602201 5.356977 -16.197817
v 60.149252 3.416565 1.717401
v 77.553507 5.195141 -16.197891
v 74.092688 5.381449 -13.677108
v 60.437318 6.567799 -5.945821
v 73.609895 6.635392 -13.628206
v 77.431083 5.078442 -16.198097
v 77.611138 5.653165 -17.197969
v 60.187947 3.398461 1.696920
v 60.297769 6.428276 -5.939808
v 77.578940 5.569576 -17.174528
v 77.730031 5.181791 -17.296338
v 77.266885 5.037342 -16.198376
v 77.910641 4.843088 -17.242705
v 77.600090 5.211545 -17.200927
v 77.577151 5.551041 -17.207625
v 77.578880 5.517419 -17.213873
v 77.612857 5.608420 -17.270889
v 77.563637 5.042750 -17.204816
v 77.618028 5.529022 -17.294919
v 77.411091 3.478649 -17.165898
v 77.641202 5.193795 -17.278845
v 72.957389 5.381449 -13.693063
v 77.445073 4.920080 -17.202631
v 76.214421 5.047504 -16.162079
v 77.409003 3.478648 -17.106202
v 77.594537 5.007963 -17.281971
v 77.663213 4.952916 -17.307509
v 77.412195 3.478648 -17.147321
v 77.724419 4.843287 -17.295324
v 77.280419 4.878740 -17.205183
v 77.648960 4.557843 -17.292180
v 77.544084 4.822891 -17.306870
v 77.475652 4.883302 -17.278987
v 76.784004 3.478648 -15.610260
v 77.635289 4.748737 -17.302491
v 76.353736 4.874942 -17.152784
v 61.295672 8.332163 -5.897785
v 77.287057 4.833846 -17.278530
v 77.296133 4.751605 -17.304435
v 75.108912 5.061756 -16.162079
v 76.437085 4.836357 -17.226931
v 76.474179 4.750835 -17.253535
v 76.284979 4.867274 -17.182817
v 61.479013 3.383743 1.684032
v 76.539779 3.478649 -17.201743
v 76.359786 4.825064 -17.256941
v 60.236046 3.457853 -5.942250
v 75.310468 4.845070 -17.376560
v 76.391174 4.752515 -17.285043
v 75.273259 4.849497 -17.363058
v 76.246451 4.855849 -17.259687
v 76.317445 4.824538 -17.334248
v 76.532297 3.478648 -17.142477
v 60.338642 6.526934 -5.944059
v 76.346371 4.752224 -17.363846
v 76.018338 3.478648 -16.064297
v 76.246993 4.837541 -17.654685
v 76.301575 4.846213 -17.660901
v 76.538954 3.478648 -17.183475
v 76.343101 4.779300 -17.668167
v 76.457543 3.478649 -17.232370
v 74.003401 5.076008 -16.162079
v 76.413044 3.478649 -17.307816
v 75.943696 3.478648 -16.167489
v 61.169530 6.888367 -5.957384
v 60.252864 3.415840 -5.937732
v 76.075969 4.839611 -18.076746
v 76.102099 4.829538 -18.122494
v 75.334916 4.837251 -17.428611
v 75.814305 3.478647 -16.427334
v 76.421567 3.478648 -17.182734
v 76.410623 3.478648 -17.667223
v 75.348400 4.846111 -17.589680
v 76.128434 4.757855 -18.144203
v 60.289738 5.515191 -5.945443
v 75.703148 3.478647 -16.688390
v 76.362139 3.478648 -17.284216
v 75.278004 4.824968 -17.410933
v 76.448417 3.478648 -17.216824
v 74.115733 4.848185 -17.401827
v 75.298080 4.821327 -17.445471
v 75.239963 4.828784 -17.397633
v 75.266189 4.788555 -17.423971
v 75.286360 4.786408 -17.458352
v 75.227800 4.790742 -17.410611
v 76.399602 3.478648 -17.299810
v 75.314736 4.830119 -17.586967
v 75.342843 4.854351 -17.753288
v 75.307651 4.791926 -17.575271
v 75.344750 4.835856 -17.732806
v 75.435218 4.841199 -18.642448
v 76.147798 3.478648 -18.149652
v 75.334076 4.800942 -17.724750
v 76.378134 3.478648 -17.609052
v 76.402228 3.478648 -17.650193
v 75.149049 4.850426 -17.890061
v 74.134608 4.799920 -17.401559
v 75.466062 4.804298 -18.678313
v 75.132890 4.836197 -17.855555
v 74.150338 4.761945 -17.414308
v 75.469701 3.478647 -17.137467
v 75.125571 4.800609 -17.837938
v 72.897891 5.090260 -16.162079
v 75.340515 3.478648 -17.429858
v 75.283970 3.478648 -17.380209
v 75.342331 3.478649 -17.538084
v 74.845893 4.858955 -17.959118
v 74.837940 4.810003 -17.901982
v 75.319581 3.478649 -17.644204
v 75.479649 4.755197 -18.706540
v 74.840284 4.845052 -17.921591
v 74.080825 4.843487 -17.415871
v 75.032104 3.478649 -17.688840
v 76.136148 3.478648 -18.136485
v 76.101903 3.478648 -18.092480
v 75.321766 3.478648 -17.394107
v 74.446610 4.850876 -17.916690
v 74.449314 4.816012 -17.896884
v 74.939817 4.805109 -18.789027
v 74.764709 3.478649 -17.713570
v 74.442568 4.858613 -17.954399
v 72.972406 4.902251 -17.167522
v 72.897490 4.912298 -17.139839
v 74.095601 4.796190 -17.450329
v 75.491685 3.478648 -18.656631
v 74.132304 4.760997 -17.463615
v 74.050496 4.811255 -17.464189
v 75.216308 3.478648 -17.572988
v 74.061199 4.766126 -17.451811
v 74.211976 3.478648 -17.393313
v 74.115522 4.759922 -17.500147
v 74.965632 4.808627 -18.838430
v 74.124932 4.806399 -17.781889
v 74.132406 4.841459 -17.800153
v 74.039097 4.845777 -17.628114
v 74.077347 4.848272 -17.621862
v 74.118531 4.855368 -17.835555
v 74.094003 4.811224 -17.617786
v 74.461339 3.478649 -17.689502
v 74.089370 4.812925 -17.692758
v 74.074492 4.848961 -17.695202
v 74.059256 4.856943 -17.721755
v 73.017029 4.890928 -17.241473
v 74.970721 4.725885 -18.867799
v 74.162958 3.478648 -17.399352
v 75.452267 3.478648 -18.583717
v 75.485205 3.478648 -18.639294
v 74.144896 3.478648 -17.435649
v 74.340353 4.830913 -18.769482
v 74.189874 3.478649 -17.663799
v 74.130979 3.478648 -17.593108
v 74.163491 3.478649 -17.648206
v 74.911544 3.478648 -18.802647
v 74.331971 4.725494 -18.837594
v 74.332466 4.808483 -18.808227
v 74.745512 3.478648 -17.634487
v 74.920892 3.478648 -18.736242
v 72.905352 4.858564 -17.239343
v 72.951434 4.849881 -17.310448
v 72.825880 4.866852 -17.212787
v 73.116241 4.856400 -17.432396
v 60.293455 3.398463 -5.926835
v 73.731873 4.823011 -18.543462
v 72.880292 4.780930 -17.268036
v 73.753809 4.826716 -18.491587
v 72.927192 4.776448 -17.338738
v 72.797793 4.784695 -17.241125
v 73.041289 4.846223 -17.463672
v 74.910115 3.478648 -18.783728
v 65.294766 8.332163 -13.596532
v 73.723157 4.736886 -18.572056
v 73.272479 4.819459 -17.995249
v 73.011604 4.776365 -17.478486
v 74.357402 3.478648 -18.762994
v 73.238019 4.804673 -18.037722
v 74.404544 3.478648 -17.622972
v 74.361766 3.478648 -18.710518
v 73.228679 4.722662 -18.053694
v 73.319715 3.478647 -16.533605
v 72.983203 3.478648 -17.376760
v 73.539544 3.478647 -17.002413
v 72.917745 3.478649 -17.360954
v 73.234167 3.478647 -16.300123
v 72.916714 3.478648 -17.290978
v 72.817983 3.478648 -17.327018
v 73.096330 3.478647 -16.094655
v 72.827106 3.478648 -17.268586
v 73.046452 3.478648 -17.482157
v 73.764423 3.478647 -17.191272
v 72.961777 3.478648 -17.430365
v 73.260209 3.478648 -17.926103
v 74.078168 3.478647 -17.527259
v 73.755836 3.478648 -18.455434
v 73.720833 3.478648 -18.487668
v 74.360534 3.478648 -18.744008
v 73.034071 3.478648 -17.539414
v 73.241113 3.478648 -17.988271
v 73.739424 3.478648 -18.499655
v 72.917903 3.478648 -17.340291
v 72.974000 3.478648 -17.422060
v 72.820693 3.478648 -17.309644
v 64.940941 6.594913 -13.611063
v 73.036799 3.478648 -17.518563
v 73.254544 3.478648 -17.975218
v 60.310050 6.078063 -13.728741
v 60.302839 6.013841 -13.729007
v 63.800848 8.332163 -13.576007
v 63.698036 6.611519 -13.622400
v 63.217280 8.332163 -13.565746
v 62.470320 8.332163 -13.555482
v 64.003359 5.380541 -13.588614
v 64.519543 6.594913 -13.605272
v 61.716280 8.332163 -13.234007
v 64.116549 6.594913 -13.599736
v 63.684908 6.517488 -13.619958
v 63.840439 5.423488 -13.587544
v 63.618446 6.556479 -13.693378
v 63.550255 6.607390 -13.688338
v 63.660113 6.460589 -13.693759
v 63.674864 5.702174 -13.608746
v 61.479013 3.445565 -5.661985
v 61.479013 3.478647 -12.601440
v 63.720402 5.541015 -13.589024
v 62.470320 6.742895 -13.555482
v 60.300418 5.915662 -13.729100
v 61.217492 6.775232 -12.416966
v 61.636802 6.737333 -13.267476
v 60.319764 3.478647 -13.656065
v 60.278451 3.478647 -13.661497
v 61.601198 6.221647 -14.439005
v 61.308206 6.380809 -13.636513
v 62.668988 5.897800 -15.798396
v 63.736565 5.827986 -16.169970
v 63.653766 5.862667 -16.148079
v 63.772800 5.743452 -16.178957
v 64.120772 5.001523 -16.180471
v 61.768886 6.096117 -14.898290
v 63.786279 5.320055 -16.178957
v 63.956799 5.042552 -16.179712
v 63.834658 5.158863 -16.179159
v 63.750680 5.632328 -17.058554
v 63.667742 5.668042 -17.049370
v 63.783337 5.548196 -17.035543
v 61.359532 8.332163 -12.447515
v 63.762717 5.194146 -17.065422
v 63.912869 4.898549 -17.101175
v 63.784919 5.528494 -17.070759
v 60.261334 3.478647 -13.663750
v 64.075336 4.852477 -17.103558
v 63.783605 5.493388 -17.078299
v 63.797395 5.023435 -17.095286
v 60.892524 5.870559 -15.452760
v 62.154042 5.728975 -16.645423
v 63.748603 5.587458 -17.131835
v 63.662760 5.612973 -17.139781
v 64.067496 4.810350 -17.178299
v 63.743544 5.509001 -17.158473
v 64.589736 3.478648 -15.768167
v 63.655347 5.515078 -17.175054
v 60.816764 5.809736 -15.496501
v 63.733132 5.149580 -17.160717
v 64.055526 4.729624 -17.207923
v 63.668140 5.072109 -17.186848
v 63.770683 4.985322 -17.175111
v 62.108836 5.671636 -16.723724
v 63.883713 4.866336 -17.178785
v 63.711685 4.916314 -17.203027
v 63.818334 4.811027 -17.210182
v 60.787693 5.710049 -15.513285
v 60.255113 4.921257 -13.849594
v 64.547807 8.332163 -13.586268
v 62.091268 5.572424 -16.754150
v 63.638135 4.834538 -17.196223
v 63.727988 4.739652 -17.210972
v 63.454118 4.832930 -17.130046
v 61.479015 3.478647 -12.601744
v 63.714365 4.548162 -17.210946
v 63.754196 3.478648 -17.273546
v 62.940662 3.478649 -15.548762
v 61.895772 3.478647 -14.157085
v 63.749486 3.478649 -17.314739
v 60.764005 4.881681 -15.468172
v 63.749965 3.478649 -17.331804
v 62.106212 4.855008 -16.714747
v 62.133210 3.478648 -16.732571
v 60.828367 3.478647 -15.441889
v 60.787984 3.478647 -15.492268
v 62.165412 3.478647 -16.681628
v 60.799814 3.478647 -15.477511
v 62.142623 3.478648 -16.717679
v 76.611541 8.332163 -13.586967
v 77.067455 8.332163 -13.580703
v 77.351359 8.332163 2.378992
v 77.367326 6.782923 2.476733
v 77.737314 6.685844 3.488469
v 76.933237 6.685844 3.488469
v 78.557447 6.685844 3.488472
v 75.166991 5.061007 -16.162079
v 66.193167 8.332163 2.378992
v 65.569714 6.775232 2.485958
v 67.032652 8.332163 2.378992
v 78.966043 7.426275 -13.521259
v 79.698856 7.423105 -13.257193
v 80.120450 7.444708 -12.466327
v 80.082016 7.444708 -5.779862
v 80.075484 7.444708 1.351239
v 79.764227 7.444708 2.091334
v 78.895569 7.474305 2.441004
v 78.213675 7.453888 2.428956
v 77.360460 7.449091 2.434706
v 76.594380 7.444708 2.439968
v 75.101807 7.444708 2.439968
v 73.609232 7.444708 2.439968
v 72.116657 7.444708 2.439968
v 62.470320 7.498937 -13.555482
v 61.674612 7.496021 -13.251554
v 61.285063 7.515890 -12.431497
v 61.229538 7.575205 -5.929033
v 61.260152 7.587893 1.216033
v 61.495194 7.593632 2.032852
v 62.419807 7.515890 2.435073
v 62.812256 7.513010 2.435269
v 63.911631 7.504939 2.435824
v 65.403454 7.493988 2.436579
v 65.856199 7.490664 2.436808
v 69.850534 7.461342 2.438821
vt 0.918014 0.511395
vt 0.343607 0.312658
vt 0.322684 0.023936
vt 0.311885 0.020962
vt 0.918014 0.615892
vt 0.203862 0.020809
vt 0.918014 0.710168
vt 0.104614 0.021846
vt 0.918014 0.723879
vt 0.098459 0.985445
vt 0.778087 0.060433
vt 0.778775 0.060425
vt 0.778752 0.139259
vt 0.778025 0.139414
vt 0.778131 0.030219
vt 0.778783 0.030221
vt 0.799176 0.060942
vt 0.808393 0.132024
vt 0.778744 0.168826
vt 0.778047 0.168958
vt 0.778178 0.003620
vt 0.778791 0.003559
vt 0.795048 0.030179
vt 0.823239 0.133852
vt 0.811399 0.059118
vt 0.809151 0.163738
vt 0.778710 0.284823
vt 0.778025 0.284755
vt 0.792162 0.003179
vt 0.803572 0.031138
vt 0.824518 0.160730
vt 0.812746 0.059169
vt 0.824729 0.133702
vt 0.810813 0.284779
vt 0.778404 0.403980
vt 0.778676 0.404000
vt 0.799458 0.003210
vt 0.805272 0.031145
vt 0.826096 0.160691
vt 0.825104 0.284602
vt 0.800714 0.406799
vt 0.778416 0.432579
vt 0.778668 0.432678
vt 0.801266 0.003342
vt 0.379121 0.194992
vt 0.816352 0.405176
vt 0.799727 0.431688
vt 0.778660 0.457962
vt 0.778519 0.457963
vt 0.402120 0.080270
vt 0.811673 0.432507
vt 0.799567 0.457043
vt 0.377529 0.194736
vt 0.401146 0.080204
vt 0.403879 0.053273
vt 0.809643 0.456752
vt 0.402304 0.053593
vt 0.811081 0.456687
vt 0.745661 0.104166
vt 0.747432 0.077663
vt 0.760607 0.078053
vt 0.761188 0.104594
vt 0.724748 0.103479
vt 0.724751 0.076594
vt 0.758962 0.049072
vt 0.747861 0.048025
vt 0.762287 0.078134
vt 0.005603 0.079615
vt 0.768754 0.219772
vt 0.754548 0.219734
vt 0.724734 0.219787
vt 0.724479 0.103501
vt 0.724533 0.076688
vt 0.724754 0.048657
vt 0.760660 0.049137
vt 0.004359 0.053007
vt 0.006578 0.079541
vt 0.029087 0.193421
vt 0.755957 0.343196
vt 0.771483 0.343004
vt 0.724044 0.219788
vt 0.724719 0.343478
vt 0.724511 0.048636
vt 0.030677 0.193148
vt 0.773231 0.342979
vt 0.771899 0.369506
vt 0.756131 0.369709
vt 0.724040 0.343337
vt 0.724715 0.369790
vt 0.773569 0.369676
vt 0.744794 0.444660
vt 0.755256 0.443996
vt 0.723994 0.369632
vt 0.724707 0.443510
vt 0.756899 0.443992
vt 0.741057 0.471756
vt 0.750058 0.471839
vt 0.724025 0.443497
vt 0.724703 0.472089
vt 0.751763 0.471871
vt 0.737751 0.498842
vt 0.744831 0.498787
vt 0.724028 0.472092
vt 0.724700 0.499050
vt 0.746475 0.498812
vt 0.724027 0.499065
vt 0.912954 0.646253
vt 0.912954 0.650988
vt 0.891000 0.651026
vt 0.890999 0.646296
vt 0.914104 0.646264
vt 0.914104 0.650988
vt 0.912954 0.716712
vt 0.890999 0.716718
vt 0.912954 0.641735
vt 0.890999 0.641761
vt 0.914104 0.641730
vt 0.914107 0.716712
vt 0.912955 0.740241
vt 0.891000 0.740229
vt 0.914104 0.740243
vt 0.912954 0.761994
vt 0.891000 0.761998
vt 0.914104 0.761994
vt 0.918014 0.015971
vt 0.029364 0.080549
vt 0.942297 0.003179
vt 0.105104 0.305504
vt 0.918014 0.114150
vt 0.205583 0.304903
vt 0.918014 0.218515
vt 0.942297 0.217724
vt 0.918014 0.229814
vt 0.323971 0.299784
vt 0.912954 0.359218
vt 0.890999 0.359256
vt 0.890999 0.354710
vt 0.912954 0.354691
vt 0.912954 0.363707
vt 0.890999 0.363757
vt 0.912954 0.288459
vt 0.890998 0.288481
vt 0.914103 0.354690
vt 0.914103 0.359202
vt 0.914104 0.363711
vt 0.914106 0.288459
vt 0.912954 0.266052
vt 0.891000 0.266096
vt 0.914103 0.266052
vt 0.890999 0.247047
vt 0.912954 0.247051
vt 0.914103 0.247051
vt 0.349779 0.919304
vt 0.351476 0.918896
vt 0.338261 0.921993
vt 0.335807 0.922578
vt 0.350428 0.959680
vt 0.349080 0.960172
vt 0.333350 0.923194
vt 0.351476 0.974646
vt 0.350072 0.974631
vt 0.343012 0.961290
vt 0.349934 0.975183
vt 0.351109 0.975917
vt 0.349473 0.975415
vt 0.344979 0.976624
vt 0.340541 0.961956
vt 0.350057 0.976652
vt 0.345180 0.977966
vt 0.342453 0.977398
vt 0.338053 0.962552
vt 0.342516 0.978778
vt 0.339888 0.977814
vt 0.339978 0.979160
vt 0.302215 0.982403
vt 0.302215 0.983762
vt 0.301079 0.983762
vt 0.301079 0.982403
vt 0.281688 0.982403
vt 0.281688 0.983762
vt 0.302215 0.977217
vt 0.301079 0.977217
vt 0.281688 0.977217
vt 0.281688 0.983762
vt 0.281688 0.982403
vt 0.281688 0.969029
vt 0.301079 0.969029
vt 0.281688 0.977458
vt 0.281688 0.956303
vt 0.301079 0.956303
vt 0.281688 0.969029
vt 0.302215 0.956303
vt 0.302215 0.969029
vt 0.281688 0.956303
vt 0.512663 0.949022
vt 0.513288 0.949025
vt 0.513286 0.949612
vt 0.512663 0.949615
vt 0.901477 0.946568
vt 0.512662 0.951316
vt 0.492713 0.949646
vt 0.492711 0.949059
vt 0.899243 0.946874
vt 0.512662 0.953276
vt 0.492721 0.951351
vt 0.901413 0.947138
vt 0.898862 0.947030
vt 0.492730 0.953300
vt 0.513271 0.976174
vt 0.513274 0.976719
vt 0.512643 0.976719
vt 0.512643 0.976177
vt 0.492763 0.976164
vt 0.492766 0.976709
vt 0.513264 0.973738
vt 0.512645 0.973738
vt 0.492767 0.973732
vt 0.512647 0.972682
vt 0.513265 0.972682
vt 0.492767 0.972671
vt 0.512648 0.971708
vt 0.513269 0.971709
vt 0.492768 0.971690
vt 0.301079 0.906702
vt 0.302215 0.906702
vt 0.302215 0.908958
vt 0.301079 0.908958
vt 0.301079 0.905424
vt 0.302215 0.905424
vt 0.302215 0.917288
vt 0.301079 0.917288
vt 0.281688 0.906702
vt 0.281688 0.908958
vt 0.281688 0.905424
vt 0.302215 0.928109
vt 0.301079 0.928109
vt 0.281688 0.917288
vt 0.281688 0.909720
vt 0.281688 0.906702
vt 0.599794 0.019238
vt 0.281688 0.928109
vt 0.281688 0.917288
vt 0.602234 0.018708
vt 0.600471 0.019101
vt 0.599446 0.020877
vt 0.281688 0.928253
vt 0.362256 0.921357
vt 0.363792 0.921667
vt 0.375118 0.923783
vt 0.377704 0.924189
vt 0.380244 0.924658
vt 0.363009 0.960627
vt 0.364315 0.961106
vt 0.370524 0.962787
vt 0.362256 0.974246
vt 0.363664 0.974245
vt 0.372983 0.963451
vt 0.364280 0.975088
vt 0.363807 0.974830
vt 0.368651 0.976283
vt 0.362611 0.975518
vt 0.375458 0.964037
vt 0.371081 0.977445
vt 0.363633 0.976296
vt 0.368782 0.977915
vt 0.373606 0.977982
vt 0.371066 0.978856
vt 0.373473 0.979307
vt 0.717358 0.065935
vt 0.702286 0.082110
vt 0.702286 0.082105
vt 0.718992 0.189588
vt 0.702133 0.192304
vt 0.694544 0.060339
vt 0.706212 0.034297
vt 0.719802 0.065945
vt 0.719669 0.189684
vt 0.699946 0.300211
vt 0.716401 0.308758
vt 0.678200 0.044702
vt 0.680087 0.019962
vt 0.707937 0.033046
vt 0.717079 0.309035
vt 0.717416 0.334024
vt 0.700082 0.324871
vt 0.659970 0.020470
vt 0.657256 0.042294
vt 0.680081 0.019315
vt 0.718016 0.334183
vt 0.701186 0.388314
vt 0.719144 0.413835
vt 0.660534 0.020358
vt 0.648316 0.018462
vt 0.646289 0.037180
vt 0.719802 0.414060
vt 0.695560 0.414752
vt 0.711147 0.442043
vt 0.648659 0.017893
vt 0.644667 0.036382
vt 0.646634 0.018089
vt 0.711692 0.442484
vt 0.692470 0.463093
vt 0.678217 0.434867
vt 0.646864 0.017062
vt 0.640877 0.035223
vt 0.645527 0.016540
vt 0.692862 0.463683
vt 0.664835 0.470235
vt 0.653741 0.441390
vt 0.644254 0.016042
vt 0.639240 0.031482
vt 0.644238 0.016213
vt 0.664891 0.470919
vt 0.644251 0.015546
vt 0.635912 0.025485
vt 0.638961 0.008590
vt 0.448530 0.464882
vt 0.463173 0.435491
vt 0.638781 0.007681
vt 0.632312 0.019754
vt 0.629041 0.005094
vt 0.421328 0.453245
vt 0.439669 0.427658
vt 0.628903 0.004147
vt 0.625408 0.019583
vt 0.622145 0.003839
vt 0.404917 0.430262
vt 0.424086 0.407121
vt 0.621766 0.003177
vt 0.620429 0.020215
vt 0.615756 0.005794
vt 0.404243 0.430464
vt 0.420756 0.453554
vt 0.400487 0.403093
vt 0.419273 0.381595
vt 0.615572 0.005329
vt 0.615569 0.021467
vt 0.609295 0.010177
vt 0.399809 0.403207
vt 0.400996 0.326022
vt 0.420714 0.316791
vt 0.608995 0.009493
vt 0.610870 0.025481
vt 0.604361 0.018623
vt 0.400354 0.326346
vt 0.400864 0.297373
vt 0.421105 0.296729
vt 0.604366 0.017956
vt 0.607627 0.027745
vt 0.400206 0.297723
vt 0.405809 0.179356
vt 0.423245 0.186372
vt 0.602797 0.018678
vt 0.604222 0.034544
vt 0.405175 0.178981
vt 0.424624 0.086870
vt 0.407013 0.072618
vt 0.602379 0.037730
vt 0.406383 0.072573
vt 0.424624 0.086866
vt 0.600223 0.040750
vt 0.598204 0.021818
vt 0.414376 0.046741
vt 0.413866 0.046364
vt 0.431062 0.065065
vt 0.598243 0.021204
vt 0.599050 0.020223
vt 0.433057 0.026752
vt 0.433494 0.027237
vt 0.446998 0.043409
vt 0.458660 0.015253
vt 0.458698 0.015884
vt 0.471949 0.039155
vt 0.359887 0.315836
vt 0.359361 0.342719
vt 0.356881 0.342643
vt 0.350570 0.335129
vt 0.361492 0.316005
vt 0.360850 0.342693
vt 0.358300 0.417581
vt 0.350427 0.415381
vt 0.351153 0.350494
vt 0.349930 0.340025
vt 0.352023 0.342512
vt 0.347063 0.317029
vt 0.359788 0.417805
vt 0.343314 0.439053
vt 0.351311 0.443939
vt 0.349909 0.350638
vt 0.349178 0.415209
vt 0.349924 0.345727
vt 0.346815 0.342415
vt 0.341605 0.340510
vt 0.352640 0.444860
vt 0.342203 0.438397
vt 0.325128 0.454537
vt 0.332478 0.463302
vt 0.348803 0.346338
vt 0.345811 0.343211
vt 0.341401 0.341793
vt 0.324996 0.339965
vt 0.333174 0.334482
vt 0.330611 0.318685
vt 0.333235 0.464734
vt 0.324470 0.453429
vt 0.305527 0.469697
vt 0.305311 0.459344
vt 0.324820 0.341247
vt 0.312969 0.339863
vt 0.320295 0.334427
vt 0.319330 0.318696
vt 0.385858 0.077512
vt 0.305715 0.471303
vt 0.305160 0.458103
vt 0.312814 0.341138
vt 0.300958 0.339753
vt 0.308065 0.318616
vt 0.386116 0.064310
vt 0.912953 0.022511
vt 0.912953 0.003182
vt 0.103064 0.456962
vt 0.101745 0.467596
vt 0.300829 0.341027
vt 0.288931 0.339660
vt 0.294619 0.334204
vt 0.378003 0.082373
vt 0.367811 0.073624
vt 0.386614 0.056701
vt 0.368365 0.027605
vt 0.379747 0.038563
vt 0.101536 0.469173
vt 0.103242 0.455712
vt 0.080710 0.451389
vt 0.075532 0.460710
vt 0.288813 0.340936
vt 0.276913 0.339565
vt 0.285540 0.318395
vt 0.353866 0.064597
vt 0.367351 0.026632
vt 0.392125 0.029783
vt 0.374063 0.014857
vt 0.074731 0.462168
vt 0.912953 0.225568
vt 0.081379 0.450283
vt 0.056921 0.442048
vt 0.066099 0.436790
vt 0.276811 0.340841
vt 0.353080 0.063659
vt 0.372979 0.014018
vt 0.374790 0.013430
vt 0.393401 0.028787
vt 0.055503 0.442968
vt 0.067230 0.436168
vt 0.050007 0.415176
vt 0.059833 0.414641
vt 0.373542 0.012825
vt 0.048400 0.415516
vt 0.061084 0.414482
vt 0.050096 0.340109
vt 0.053225 0.340173
vt 0.058854 0.348007
vt 0.048486 0.340178
vt 0.060095 0.348151
vt 0.049378 0.314757
vt 0.063516 0.332321
vt 0.058091 0.340025
vt 0.060134 0.343237
vt 0.047777 0.314951
vt 0.061244 0.343846
vt 0.062489 0.319165
vt 0.060213 0.337541
vt 0.063211 0.339866
vt 0.064246 0.340699
vt 0.068493 0.338008
vt 0.068677 0.339296
vt 0.084507 0.337954
vt 0.084668 0.339256
vt 0.090531 0.316106
vt 0.081581 0.315554
vt 0.096594 0.338098
vt 0.180776 0.338811
vt 0.179212 0.333291
vt 0.021383 0.075906
vt 0.096731 0.339378
vt 0.116504 0.317077
vt 0.108643 0.338218
vt 0.180795 0.340089
vt 0.168758 0.338715
vt 0.184096 0.317589
vt 0.020966 0.062727
vt 0.108762 0.339495
vt 0.127915 0.332893
vt 0.120678 0.338325
vt 0.168792 0.339994
vt 0.156740 0.338620
vt 0.153569 0.333092
vt 0.020404 0.055126
vt 0.027145 0.036940
vt 0.038366 0.025315
vt 0.038140 0.073275
vt 0.120775 0.339602
vt 0.139026 0.317255
vt 0.132701 0.338427
vt 0.156789 0.339897
vt 0.144722 0.338523
vt 0.161554 0.317416
vt 0.053000 0.063666
vt 0.015577 0.027520
vt 0.032155 0.011315
vt 0.039403 0.024317
vt 0.132781 0.339703
vt 0.144786 0.339801
vt 0.053995 0.062754
vt 0.002782 0.052693
vt 0.014272 0.026535
vt 0.031406 0.009889
vt 0.033250 0.010505
vt 0.032673 0.009317
vt 0.329287 0.061388
vt 0.329287 0.038771
vt 0.942297 0.439666
vt 0.087364 0.070167
vt 0.087520 0.058849
vt 0.087675 0.050006
vt 0.087209 0.081486
vt 0.087831 0.038687
vt 0.329287 0.185782
vt 0.329287 0.208399
vt 0.329287 0.231016
vt 0.086898 0.219787
vt 0.329287 0.253633
vt 0.329287 0.276250
vt 0.087209 0.242424
vt 0.328731 0.288292
vt 0.942297 0.229874
vt 0.087520 0.265062
vt 0.087675 0.276380
vt 0.087831 0.287699
vt 0.092702 0.299125
vt 0.962069 0.978362
vt 0.962069 0.980861
vt 0.962069 0.962708
vt 0.962069 0.945544
vt 0.923028 0.980861
vt 0.922935 0.976155
vt 0.962069 0.928332
vt 0.907623 0.980861
vt 0.907445 0.976516
vt 0.923587 0.960325
vt 0.962069 0.911149
vt 0.906263 0.980861
vt 0.906135 0.976588
vt 0.908161 0.962495
vt 0.923748 0.943622
vt 0.906896 0.963753
vt 0.904995 0.946006
vt 0.907687 0.961455
vt 0.904766 0.946572
vt 0.924041 0.926951
vt 0.906447 0.962633
vt 0.904672 0.928556
vt 0.906497 0.960875
vt 0.903934 0.946939
vt 0.904179 0.946049
vt 0.904393 0.945497
vt 0.924397 0.910337
vt 0.905330 0.962041
vt 0.903957 0.928848
vt 0.909464 0.910320
vt 0.904451 0.928029
vt 0.908970 0.911401
vt 0.900390 0.960933
vt 0.903662 0.946321
vt 0.903677 0.928422
vt 0.903715 0.927774
vt 0.907789 0.912017
vt 0.907803 0.910361
vt 0.908179 0.909256
vt 0.893848 0.958323
vt 0.903662 0.928122
vt 0.900905 0.927300
vt 0.904727 0.913332
vt 0.906780 0.910902
vt 0.885156 0.948489
vt 0.896703 0.944091
vt 0.884432 0.949061
vt 0.900977 0.927894
vt 0.899420 0.927581
vt 0.895675 0.915299
vt 0.904246 0.912115
vt 0.882867 0.940876
vt 0.895613 0.939481
vt 0.897258 0.943830
vt 0.882104 0.941279
vt 0.899827 0.927843
vt 0.897629 0.928445
vt 0.887660 0.922577
vt 0.895006 0.914706
vt 0.883262 0.931633
vt 0.895709 0.933351
vt 0.896220 0.939396
vt 0.962069 0.777158
vt 0.882578 0.931493
vt 0.898188 0.928697
vt 0.886853 0.922216
vt 0.896289 0.933422
vt 0.962069 0.774530
vt 0.922886 0.779224
vt 0.908925 0.778636
vt 0.922969 0.774530
vt 0.907644 0.778526
vt 0.909091 0.774530
vt 0.907862 0.774530
vt 0.124358 0.742644
vt 0.124422 0.751190
vt 0.138496 0.741934
vt 0.140943 0.742610
vt 0.124460 0.757229
vt 0.122578 0.722509
vt 0.124229 0.740117
vt 0.126667 0.741800
vt 0.142735 0.744413
vt 0.124500 0.763617
vt 0.124989 0.741305
vt 0.122640 0.711144
vt 0.143402 0.746868
vt 0.124572 0.775256
vt 0.143514 0.762724
vt 0.143619 0.779928
vt 0.124752 0.804559
vt 0.143722 0.797133
vt 0.143818 0.814336
vt 0.125993 0.935991
vt 0.144464 0.950038
vt 0.126008 0.942413
vt 0.143839 0.952509
vt 0.126019 0.948563
vt 0.142088 0.954344
vt 0.125788 0.954975
vt 0.139647 0.955086
vt 0.127265 0.955128
vt 0.128157 0.956308
vt 0.126677 0.956612
vt 0.123019 0.973935
vt 0.125777 0.957466
vt 0.912954 0.637166
vt 0.890999 0.637165
vt 0.914103 0.637175
vt 0.890998 0.622840
vt 0.912954 0.622865
vt 0.914103 0.622867
vt 0.890999 0.611121
vt 0.912954 0.611153
vt 0.914103 0.611153
vt 0.891000 0.599090
vt 0.912954 0.599120
vt 0.914104 0.599120
vt 0.891001 0.586898
vt 0.912954 0.586908
vt 0.914103 0.586910
vt 0.890999 0.574932
vt 0.912954 0.574935
vt 0.914124 0.574936
vt 0.890999 0.480003
vt 0.912954 0.480013
vt 0.914086 0.480011
vt 0.891001 0.468118
vt 0.912954 0.468135
vt 0.914103 0.468134
vt 0.891000 0.455988
vt 0.912954 0.456009
vt 0.914103 0.456012
vt 0.890999 0.443974
vt 0.912954 0.443996
vt 0.914103 0.443996
vt 0.890999 0.432350
vt 0.912954 0.432348
vt 0.914103 0.432348
vt 0.891000 0.420659
vt 0.912954 0.420638
vt 0.914103 0.420638
vt 0.891001 0.408574
vt 0.912954 0.408591
vt 0.914104 0.408589
vt 0.891000 0.396444
vt 0.912954 0.396496
vt 0.914102 0.396496
vt 0.890999 0.382275
vt 0.912954 0.382256
vt 0.914104 0.382259
vt 0.890998 0.368226
vt 0.912954 0.368168
vt 0.914103 0.368157
vt 0.918014 0.497646
vt 0.918014 0.484023
vt 0.918014 0.473655
vt 0.918014 0.462924
vt 0.918014 0.441114
vt 0.918014 0.343111
vt 0.918014 0.321381
vt 0.918014 0.299620
vt 0.918014 0.277833
vt 0.918014 0.252929
vt 0.918014 0.244299
vt 0.066526 0.310930
vt 0.744727 0.731849
vt 0.746312 0.760072
vt 0.744701 0.760235
vt 0.743105 0.731906
vt 0.737826 0.759807
vt 0.736914 0.732188
vt 0.724668 0.759484
vt 0.724671 0.733132
vt 0.746146 0.526892
vt 0.744554 0.526836
vt 0.447889 0.465234
vt 0.420878 0.453792
vt 0.738098 0.526838
vt 0.724696 0.525802
vt 0.724020 0.525829
vt 0.890998 0.022514
vt 0.890998 0.003179
vt 0.890998 0.225570
vt 0.760118 0.023893
vt 0.761883 0.024014
vt 0.754237 0.024264
vt 0.748456 0.027341
vt 0.761764 0.022328
vt 0.760013 0.022334
vt 0.754236 0.022738
vt 0.724757 0.022062
vt 0.743314 0.023470
vt 0.750362 0.023112
vt 0.748572 0.024220
vt 0.751300 0.021840
vt 0.724500 0.022116
vt 0.724759 0.008897
vt 0.743316 0.005091
vt 0.745649 0.017490
vt 0.746696 0.022883
vt 0.747810 0.021216
vt 0.748671 0.019817
vt 0.724567 0.008904
vt 0.724759 0.007570
vt 0.743036 0.003781
vt 0.746923 0.017057
vt 0.744594 0.004288
vt 0.724504 0.007538
vt 0.744255 0.003174
vt 0.513286 0.948412
vt 0.512663 0.948411
vt 0.492708 0.948448
vt 0.512672 0.932308
vt 0.513295 0.932308
vt 0.492689 0.932301
vt 0.512672 0.931646
vt 0.513297 0.931648
vt 0.492689 0.931639
vt 0.513285 0.953276
vt 0.513282 0.957321
vt 0.512660 0.957320
vt 0.512657 0.961661
vt 0.513278 0.961662
vt 0.492751 0.957327
vt 0.492763 0.961653
vt 0.512652 0.966972
vt 0.513273 0.966973
vt 0.492768 0.966958
vt 0.302215 0.947711
vt 0.301079 0.947711
vt 0.281688 0.947711
vt 0.301079 0.938494
vt 0.302215 0.938494
vt 0.281688 0.938494
vt 0.281688 0.956303
vt 0.281688 0.947711
vt 0.281688 0.938494
vt 0.799430 0.616738
vt 0.799255 0.617915
vt 0.798014 0.617595
vt 0.798149 0.616305
vt 0.778615 0.616346
vt 0.778614 0.617921
vt 0.778334 0.617823
vt 0.778357 0.616386
vt 0.800364 0.486202
vt 0.798943 0.486013
vt 0.796069 0.480901
vt 0.778654 0.481227
vt 0.800593 0.483679
vt 0.799690 0.482599
vt 0.778399 0.481206
vt 0.798712 0.481208
vt 0.800415 0.477042
vt 0.801634 0.481003
vt 0.803444 0.482005
vt 0.800180 0.479896
vt 0.811159 0.479465
vt 0.804358 0.480136
vt 0.805526 0.481123
vt 0.812968 0.479281
vt 0.811518 0.480903
vt 0.812881 0.480758
vt 0.381010 0.096737
vt 0.364635 0.192660
vt 0.348602 0.299266
vt 0.043614 0.193652
vt 0.059856 0.300203
vt 0.026295 0.093796
vt 0.918014 0.003179
vt 0.813284 0.432563
vt 0.817874 0.405200
vt 0.826767 0.284659
vt 0.770344 0.219697
vt 0.762684 0.104628
vt 0.893131 0.958738
vt 0.900290 0.961785
vt 0.513286 0.951318
vt 0.122592 0.987303
vt 0.092700 0.027260
vt 0.942297 0.499933
vt 0.602001 0.018261
vt 0.601920 0.018768
vt 0.281688 0.906504
vt 0.914101 0.225568
vt 0.914101 0.022511
vt 0.914102 0.003182
vt 0.723996 0.733102
vt 0.723994 0.759410
vt 0.087354 0.252970
vt 0.087449 0.259879
vt 0.329287 0.264181
vt 0.104101 0.316613
vt 0.918014 0.265895
vt 0.098263 0.332597
vt 0.110449 0.332718
vt 0.085780 0.332405
vt 0.923739 0.944499
vt 0.942297 0.429018
vt 0.282284 0.318369
vt 0.918014 0.437958
vt 0.942297 0.416791
vt 0.329287 0.107821
vt 0.329287 0.095100
vt 0.329287 0.084005
vt 0.099389 0.961771
vt 0.098948 0.973045
vt 0.942297 0.266023
vt 0.942297 0.276212
vt 0.098717 0.752315
vt 0.098760 0.759225
vt 0.098827 0.769773
vt 0.942297 0.723879
vt 0.942297 0.710491
vt 0.099662 0.941817
vt 0.099576 0.953025
vt 0.099675 0.930601
vt 0.942297 0.614918
vt 0.098971 0.792413
vt 0.942297 0.510901
vt 0.942297 0.242469
vt 0.942297 0.254349
vt 0.942297 0.298021
vt 0.942297 0.114029
vt 0.313123 0.304442
vt 0.942297 0.319852
vt 0.942297 0.341660
vt 0.942297 0.017262
vt 0.942297 0.461550
vt 0.098459 0.712064
vt 0.942297 0.483828
vt 0.098503 0.724485
vt 0.098592 0.735806
vt 0.098685 0.747130
vt 0.112226 0.723359
vt 0.112242 0.711540
vt 0.928990 0.003179
vt 0.928990 0.016525
vt 0.928990 0.114099
vt 0.928990 0.218159
vt 0.928990 0.229875
vt 0.928990 0.243547
vt 0.928990 0.253525
vt 0.928990 0.265976
vt 0.928990 0.277156
vt 0.928990 0.298936
vt 0.928990 0.320716
vt 0.928990 0.342496
vt 0.111568 0.973512
vt 0.928990 0.723879
vt 0.111111 0.986419
vt 0.928990 0.710322
vt 0.928990 0.615428
vt 0.928990 0.511163
vt 0.928990 0.498759
vt 0.928990 0.484001
vt 0.928990 0.478274
vt 0.928990 0.462231
vt 0.928990 0.440461
vt 0.928990 0.433854
vt 0.928990 0.375565
vn -0.000266 -0.999950 -0.009952
vn -0.016640 -0.999723 -0.016637
vn 0.000000 -1.000000 -0.000000
vn -0.997233 0.066241 0.033738
vn -0.718334 0.078647 0.691239
vn -0.730303 0.077775 0.678682
vn -0.997313 0.066317 0.031137
vn 0.000696 -1.000000 -0.000032
vn -0.019461 -0.999809 0.001775
vn -0.011930 -0.999928 0.000943
vn -0.001138 -0.999998 0.001828
vn -0.026073 0.995761 0.088211
vn -0.120097 0.985839 0.117038
vn -0.089158 0.992071 0.088580
vn -0.044142 0.998230 0.039855
vn -0.737456 -0.671987 0.067765
vn -0.711998 -0.702100 0.010731
vn -0.996653 0.009602 0.081188
vn -0.999876 0.011167 0.011116
vn -0.268641 0.963177 0.011033
vn -0.005010 0.986226 0.165328
vn 0.004605 0.985967 0.166877
vn 0.999211 0.000168 -0.039719
vn 0.868685 0.006484 -0.495322
vn 0.878141 0.020237 -0.477973
vn 0.999011 0.017045 -0.041075
vn -0.996045 0.044263 0.077041
vn -0.998232 0.056995 0.016867
vn 0.200303 0.942561 -0.267317
vn 0.096854 0.948683 -0.301032
vn 0.121620 0.943561 -0.308059
vn 0.454370 0.885705 -0.095257
vn 0.052875 0.944024 -0.325611
vn 0.092678 0.938018 -0.333965
vn 0.078686 0.951665 -0.296889
vn 0.037421 0.958964 -0.281048
vn -0.011738 0.999774 0.017725
vn -0.039868 0.993824 0.103559
vn -0.032948 0.024291 -0.999162
vn -0.037278 0.017297 -0.999155
vn -0.029410 0.006467 -0.999547
vn -0.025386 0.006407 -0.999657
vn 0.526935 -0.062870 0.847577
vn 0.863868 0.083146 0.496809
vn 0.845746 0.056813 0.530553
vn 0.473096 -0.100027 0.875314
vn 0.977433 0.202648 0.059651
vn 0.979551 0.192355 0.058982
vn 0.727915 0.483381 -0.486295
vn 0.902484 0.424304 -0.074084
vn 0.054391 0.993293 0.102037
vn 0.006829 0.998437 0.055466
vn 0.031397 0.976701 0.212296
vn 0.053051 0.977388 0.204691
vn 0.083312 -0.171279 0.981694
vn 0.059743 -0.204212 0.977102
vn 0.013512 0.041638 -0.999041
vn 0.573405 0.679571 0.457591
vn 0.351148 0.646687 0.677120
vn 0.687646 0.706317 0.168105
vn -0.611365 0.763639 0.207577
vn -0.572864 0.811121 0.117936
vn -0.988003 0.152773 0.022593
vn -0.987921 0.123550 0.093525
vn 0.061128 0.644630 0.762047
vn 0.300051 0.890937 -0.340884
vn 0.301863 0.884303 -0.356212
vn 0.022356 0.976787 0.213042
vn 0.001256 0.996282 0.086137
vn 0.010716 0.629978 0.776539
vn 0.007722 -0.183501 0.982989
vn 0.073756 0.975711 0.206271
vn 0.000658 0.998066 0.062161
vn 0.000366 0.996043 0.088874
vn -0.288584 0.090140 0.953202
vn -0.204133 0.084313 0.975305
vn 0.007350 -0.209249 0.977835
vn 0.000466 -1.000000 -0.000232
vn -0.010784 -0.999921 0.006498
vn -0.624100 -0.684948 0.375958
vn -0.874609 0.003992 0.484813
vn -0.000015 -0.999977 -0.006841
vn -0.011052 -0.999934 -0.003167
vn 0.195603 -0.980611 -0.011909
vn 0.446711 -0.894648 -0.007372
vn 0.686165 0.719745 0.105567
vn 0.976673 0.213840 -0.019534
vn 0.999250 -0.008093 -0.037875
vn 0.999959 -0.009038 -0.000023
vn 0.000001 0.992688 0.120707
vn 0.000003 0.630545 0.776152
vn -0.000001 -0.181558 0.983380
vn 0.447366 0.893287 -0.043605
vn 0.000000 0.997612 0.069069
vn 0.000000 0.996049 0.088811
vn -0.000002 -0.205238 0.978712
vn 0.000000 0.998248 0.059174
vn 0.000002 0.630547 0.776151
vn -0.000001 -0.181556 0.983380
vn 0.000000 0.068541 0.997648
vn 0.198275 -0.013533 -0.980053
vn 0.052184 0.017702 -0.998481
vn 0.198991 0.013466 -0.979909
vn 0.217135 -0.011462 -0.976074
vn 0.978445 0.204321 -0.029972
vn 0.000000 0.994785 0.101998
vn 0.000001 0.630551 0.776148
vn -0.000000 -0.181555 0.983381
vn -0.589036 0.636216 0.498263
vn -0.894347 0.036591 0.445875
vn -0.041477 0.961612 0.271261
vn -0.000001 -0.205238 0.978712
vn 0.000001 0.068541 0.997648
vn 0.000001 0.068541 0.997648
vn 0.662801 0.040896 -0.747678
vn 0.674843 0.041367 -0.736801
vn 0.000000 0.998822 0.048531
vn 0.000001 0.639583 0.768722
vn 0.000000 -0.181244 0.983438
vn 0.026067 0.974250 0.223959
vn 0.849757 0.255854 -0.460926
vn 0.546829 0.814760 -0.192730
vn 0.999566 0.029458 -0.000798
vn 0.799698 0.600183 -0.016242
vn 0.364813 0.930899 -0.018421
vn 0.312521 0.949785 -0.015481
vn 0.000001 0.633589 0.773670
vn 0.000000 0.997558 0.069846
vn 0.000000 -0.181449 0.983400
vn 0.477710 0.284971 -0.831014
vn 0.490256 0.263875 -0.830674
vn 0.846736 0.240726 -0.474435
vn 0.000000 0.996049 0.088811
vn 0.000000 0.997244 0.074193
vn -0.875489 0.007020 0.483187
vn -0.000000 -0.205238 0.978712
vn -0.333190 0.613479 0.715981
vn -0.513644 0.022090 0.857719
vn -0.045569 0.950611 0.307021
vn 0.008933 0.969399 0.245328
vn 0.323739 0.885132 -0.334265
vn 0.997159 0.050118 -0.056237
vn 0.997378 0.049977 -0.052338
vn -0.000002 0.068542 0.997648
vn -0.000002 0.068542 0.997648
vn -0.000000 -0.205237 0.978712
vn 0.029602 0.206998 -0.977893
vn 0.014454 0.932078 -0.361970
vn 0.002862 0.979911 0.199414
vn 1.000000 0.000004 0.000001
vn 0.000150 0.965105 0.261864
vn -0.016231 0.634811 0.772497
vn -0.026566 0.037048 0.998960
vn -0.005403 -0.999940 0.009533
vn 0.000221 -1.000000 -0.000373
vn 0.000000 0.996048 0.088813
vn 0.000000 0.996048 0.088813
vn 0.000000 0.997689 0.067948
vn -0.392583 -0.597716 0.699009
vn -0.499578 -0.010762 0.866202
vn 0.000000 -0.205237 0.978712
vn -0.006937 -0.999960 0.005561
vn 0.016183 -0.999854 0.005407
vn -0.506018 -0.011379 0.862448
vn 0.000000 0.068544 0.997648
vn 0.000000 0.068541 0.997648
vn 0.000001 0.068542 0.997648
vn 0.000001 0.068545 0.997648
vn 0.751654 -0.659547 0.003793
vn 0.999973 -0.007419 0.000044
vn 0.031443 0.182994 -0.982611
vn -0.011243 0.185831 -0.982517
vn -0.019940 0.157219 -0.987362
vn -0.001870 -0.999991 0.003821
vn -0.001960 -0.999908 -0.013434
vn -0.000876 -0.999882 -0.015355
vn 0.000583 -0.999994 -0.003363
vn -0.034200 -0.418076 0.907768
vn 0.025684 -0.456854 0.889171
vn 1.000000 0.000006 -0.000000
vn -0.020931 0.923786 -0.382337
vn -0.003214 0.980861 0.194684
vn -0.000524 0.965320 0.261069
vn -0.000000 -0.181550 0.983382
vn -0.000001 0.630541 0.776156
vn 0.000000 0.998090 0.061776
vn 0.030680 0.044367 0.998544
vn 0.019498 0.633550 0.773456
vn 0.999281 0.037912 -0.000259
vn -0.000000 -0.181552 0.983381
vn -0.000003 0.630543 0.776155
vn 0.000000 0.997553 0.069920
vn -0.029255 -0.029694 0.999131
vn 0.204548 0.978849 0.003851
vn 0.705289 0.708904 -0.004851
vn 0.998472 0.055195 0.002549
vn 0.998469 0.055201 0.003476
vn 0.000000 -0.181553 0.983381
vn -0.000002 0.630550 0.776149
vn -0.000000 0.998031 0.062728
vn -0.026322 -0.019454 0.999464
vn 0.000000 -0.181554 0.983381
vn -0.000001 0.630552 0.776147
vn -0.000000 0.997761 0.066882
vn 0.000000 -0.181555 0.983381
vn -0.000002 0.630548 0.776150
vn 0.000000 0.996994 0.077482
vn 0.000001 -0.181556 0.983380
vn -0.000003 0.630545 0.776153
vn -0.000000 0.997082 0.076336
vn 0.012372 -0.999923 -0.000766
vn 0.708031 -0.706171 -0.003997
vn 0.999951 -0.008721 -0.004752
vn -0.064356 -0.147870 0.986911
vn -0.000004 0.630545 0.776152
vn -0.000001 0.996682 0.081393
vn 0.999981 0.005429 -0.002897
vn 0.182593 0.983185 -0.002786
vn 0.095579 0.993433 0.062888
vn 0.084067 0.995345 0.047132
vn 0.013163 0.993261 0.115149
vn 0.035376 0.998446 0.043062
vn 0.000672 -0.999999 -0.001471
vn -0.000888 -0.999999 0.000994
vn 0.021471 -0.999769 0.000894
vn -0.071356 -0.078846 0.994330
vn -0.005536 0.629110 0.777297
vn -0.000545 0.997392 0.072176
vn -0.064490 -0.029256 0.997489
vn -0.054969 0.647256 0.760288
vn -0.006941 0.998491 0.054478
vn -0.854233 -0.027001 0.519189
vn -0.876480 -0.047227 0.479116
vn -0.998752 -0.049663 -0.005358
vn -0.999727 -0.022563 0.006102
vn 0.742757 -0.667330 0.054609
vn 0.998430 -0.009540 0.055201
vn -0.486963 -0.038026 0.872595
vn -0.344944 0.659288 0.668096
vn -0.052254 0.993079 0.105183
vn 0.998226 0.059036 0.007745
vn 0.039172 0.999207 -0.007104
vn -0.569984 0.685097 0.453609
vn -0.016953 0.976695 0.213963
vn 0.064541 0.994020 0.088084
vn 0.055395 0.985157 0.162471
vn -0.686749 0.710243 0.154700
vn 0.028371 0.977543 0.208816
vn 0.000000 -0.205235 0.978713
vn 0.000000 0.996048 0.088812
vn 0.000000 0.997202 0.074753
vn -0.000472 -1.000000 -0.000232
vn 0.010557 -0.999925 0.006216
vn -0.996635 -0.026607 -0.077523
vn -0.687022 0.719584 0.100995
vn 0.004692 0.977288 0.211865
vn 0.107545 0.980811 0.162618
vn 0.104855 0.970788 0.215814
vn 0.030502 -0.030075 0.999082
vn 0.000000 -0.205236 0.978712
vn 0.694494 0.710503 0.113418
vn 0.722516 0.665352 0.187823
vn 0.996784 0.054105 0.059109
vn 0.000000 0.068541 0.997648
vn 0.000000 0.068536 0.997649
vn 0.000000 0.068534 0.997649
vn 0.027686 -0.017313 0.999467
vn 0.626741 -0.685585 0.370362
vn 0.868582 -0.007189 0.495493
vn -0.854067 -0.036733 -0.518865
vn -0.479363 0.006508 -0.877593
vn -0.470792 0.040047 -0.881335
vn -0.871625 -0.008695 -0.490097
vn -0.315464 0.860257 -0.400549
vn 0.000000 -0.205237 0.978712
vn -0.011917 0.976548 0.214971
vn 0.000000 0.996048 0.088812
vn 0.000000 0.997222 0.074489
vn 0.031695 0.956518 0.289944
vn -0.577317 0.802058 -0.152997
vn -0.015788 0.975613 0.218929
vn 0.324993 0.606254 0.725835
vn 0.503805 0.039801 0.862900
vn 0.000000 -0.205238 0.978712
vn 0.067567 0.962417 0.263036
vn 0.601379 0.636432 0.483010
vn 0.874625 0.040092 0.483139
vn 0.000000 0.068541 0.997648
vn 0.000000 0.068534 0.997649
vn 0.997036 0.065435 0.040478
vn 0.997030 0.065358 0.040738
vn 0.000000 -0.205238 0.978712
vn -0.001171 0.995924 0.090190
vn -0.001575 0.997617 0.068975
vn 0.000001 -0.205238 0.978712
vn 0.001957 0.067557 0.997714
vn 0.002802 0.067549 0.997712
vn -0.066930 -0.168462 0.983433
vn -0.011316 0.993112 0.116622
vn -0.004227 0.995324 0.096502
vn -0.003170 0.997321 0.073082
vn -0.010408 0.995932 0.089507
vn -0.001317 0.071450 0.997443
vn 0.005696 0.062714 0.998015
vn 0.008600 0.062750 0.997992
vn -0.017261 0.070851 0.997338
vn -0.059569 -0.085307 0.994572
vn 0.213142 0.089132 0.972947
vn 0.200955 0.089335 0.975518
vn -0.068844 -0.047192 0.996511
vn 0.678856 0.096789 0.727865
vn 0.680697 0.096671 0.726159
vn -0.511959 -0.055845 0.857193
vn 0.998197 0.004587 0.059848
vn -0.993786 -0.051105 -0.098878
vn 0.012110 -0.999927 -0.000308
vn 0.005596 -0.999935 -0.009968
vn 0.362475 -0.680110 0.637230
vn 0.494881 -0.003301 0.868954
vn 0.504668 0.003288 0.863307
vn 0.875038 -0.002574 0.484047
vn 0.014628 -0.028354 -0.999491
vn -0.719851 0.676757 -0.154321
vn -0.780725 0.613124 -0.120614
vn 0.013196 -0.029336 -0.999483
vn 0.861061 0.004194 -0.508485
vn -0.996984 0.068148 0.037137
vn -0.998431 0.042493 0.036468
vn -0.101676 -0.029034 -0.994394
vn 0.111546 0.957819 -0.264839
vn -0.997179 0.058615 0.046894
vn -0.997266 0.064930 0.035280
vn -0.027569 0.009359 -0.999576
vn -0.000000 -1.000000 -0.000000
vn -0.000000 -1.000000 -0.000000
vn 0.418789 0.585023 -0.694525
vn 0.000005 -1.000000 -0.000003
vn 0.557627 0.046739 -0.828774
vn -0.691978 0.721900 -0.005196
vn 0.005681 0.024565 -0.999682
vn 0.011825 0.007563 -0.999902
vn -0.866377 0.498952 -0.020920
vn -0.853380 0.519604 -0.041882
vn -0.993305 0.115428 -0.004629
vn -0.998868 0.046799 -0.008573
vn 0.018482 0.035544 -0.999197
vn 0.017766 0.017070 -0.999696
vn -0.502034 0.860375 -0.087840
vn -0.477858 0.872042 -0.105806
vn -0.295521 0.955334 0.002212
vn -0.034260 0.990946 -0.129814
vn -0.031319 0.989761 -0.139259
vn 0.022821 0.044082 -0.998767
vn 0.015096 0.018778 -0.999710
vn 0.005955 0.991395 -0.130766
vn 0.005897 0.989869 -0.141862
vn -0.999700 0.021831 -0.011071
vn 0.559315 0.001445 -0.828954
vn 0.560456 0.001728 -0.828183
vn 0.013735 -0.000000 -0.999906
vn 0.000606 0.006787 -0.999977
vn -0.000000 -1.000000 0.000000
vn -0.000000 -1.000000 -0.000000
vn 0.013883 0.044059 -0.998933
vn 0.055669 0.966509 -0.250523
vn 0.000004 -1.000000 -0.000009
vn 0.255080 0.591858 -0.764617
vn 0.312148 0.070765 -0.947394
vn 0.008638 0.989686 -0.142993
vn 0.008113 0.989757 -0.142535
vn 0.007214 0.991847 -0.127227
vn 0.313894 0.029360 -0.949004
vn 0.321578 -0.073921 -0.943994
vn -0.776155 -0.630489 -0.008247
vn -0.007326 -0.999970 -0.002498
vn 0.013878 0.044155 -0.998928
vn -0.001729 0.013448 -0.999908
vn -0.707076 0.690883 -0.150744
vn -0.424808 0.905060 -0.020117
vn -0.800689 0.598864 -0.016079
vn -0.999911 0.011977 0.005895
vn -0.997156 0.075313 -0.002959
vn -0.999365 -0.034549 0.008679
vn -0.999132 -0.041198 -0.006219
vn -0.997531 0.057793 -0.039896
vn 0.007893 0.990516 -0.137174
vn 0.007183 0.992464 -0.122326
vn -0.999490 0.031484 -0.005271
vn -0.852806 0.506820 -0.125919
vn -0.541324 0.488663 -0.684235
vn -0.564577 -0.021365 -0.825104
vn -0.474403 0.862041 -0.178405
vn 0.145781 -0.116784 -0.982400
vn 0.214113 -0.146771 -0.965719
vn -0.556562 0.014070 -0.830687
vn -0.006241 0.022420 -0.999729
vn -0.041419 0.980712 -0.191022
vn -0.000000 -1.000000 0.000000
vn -0.000000 -1.000000 0.000000
vn -0.466243 0.272035 -0.841792
vn 0.100256 0.031234 -0.994471
vn 0.215348 -0.038164 -0.975791
vn 0.000001 -1.000000 -0.000010
vn -0.276023 0.476565 -0.834684
vn 0.103676 -0.058569 -0.992885
vn -0.029545 0.027915 -0.999174
vn -0.004954 0.990058 -0.140570
vn -0.004200 0.991500 -0.130039
vn 0.004690 0.984581 -0.174866
vn -0.069343 0.586056 -0.807298
vn -0.007370 -0.061334 -0.998090
vn -0.021634 0.716130 -0.697632
vn 0.009392 0.005912 -0.999938
vn -0.000395 0.991330 -0.131397
vn -0.001938 0.989892 -0.141811
vn 0.010305 -0.999944 -0.002431
vn 0.045941 -0.102601 -0.993661
vn 0.335179 0.805280 -0.489059
vn 0.012646 0.984690 -0.173852
vn -0.999889 0.013256 -0.006798
vn 0.657259 0.036768 -0.752768
vn 0.010390 0.983387 -0.181224
vn 0.011417 0.984852 -0.173023
vn 0.014021 0.998277 -0.056977
vn 0.518645 0.851480 -0.077396
vn 0.992151 0.072839 -0.101644
vn 0.000000 -1.000000 -0.000000
vn 0.000000 -1.000000 -0.000000
vn 0.014132 0.999892 -0.004112
vn 0.637571 0.751786 -0.168287
vn 0.955508 0.063637 -0.288020
vn 0.000001 -1.000000 -0.000006
vn -0.009824 0.998935 -0.045078
vn 0.636766 -0.016305 -0.770885
vn 0.992334 0.034078 -0.118792
vn 0.000002 -1.000000 -0.000000
vn 0.000001 -1.000000 -0.000000
vn -0.996901 0.078629 -0.002348
vn -0.996919 0.078372 -0.003192
vn -0.618531 -0.785699 -0.009864
vn 0.007370 -0.999954 -0.006091
vn 0.029644 0.999264 -0.024347
vn 0.536190 0.699046 -0.473111
vn 0.753254 0.032123 -0.656945
vn 0.000001 -1.000000 0.000000
vn 0.000002 -1.000000 0.000000
vn 0.958568 0.027559 -0.283527
vn -0.003467 0.999989 -0.003140
vn 0.007261 0.999973 0.000830
vn 0.000001 -1.000000 -0.000000
vn 0.000001 -1.000000 -0.000000
vn -0.323738 0.787803 -0.523986
vn -0.000715 0.409229 -0.912431
vn -0.647906 0.748761 -0.139910
vn 0.000007 -1.000000 -0.000007
vn 0.009644 0.981657 -0.190410
vn -0.632558 -0.028879 -0.773975
vn -0.978191 -0.029142 -0.205652
vn -0.004125 -0.007751 -0.999961
vn -0.823391 0.560125 -0.091034
vn 0.000012 -1.000000 -0.000001
vn -0.998292 -0.013149 -0.056927
vn -0.673401 0.617449 0.406556
vn -0.626131 0.085686 0.774995
vn 0.015027 0.997889 -0.063177
vn 0.385006 0.677890 -0.626286
vn 0.752130 -0.003178 -0.659007
vn 0.000008 -1.000000 -0.000002
vn -0.229430 0.731169 0.642460
vn -0.228709 0.125574 0.965362
vn -0.007676 0.999786 -0.019190
vn 0.037293 0.409422 -0.911583
vn 0.500678 0.000137 -0.865633
vn 0.033018 -0.005376 -0.999440
vn 0.000000 -1.000000 -0.000000
vn 0.000000 -1.000000 -0.000000
vn -0.977589 -0.039838 -0.206721
vn -0.648911 -0.044607 -0.759556
vn -0.005186 -0.020114 -0.999784
vn -0.998141 -0.021710 -0.056941
vn 0.002743 0.999324 -0.036658
vn -0.042746 0.787727 0.614539
vn -0.047137 0.153090 0.987087
vn -0.648548 0.072870 0.757678
vn -0.223011 0.116354 0.967847
vn 0.000006 -1.000000 -0.000005
vn 0.096081 0.801592 0.590100
vn 0.002431 0.999495 -0.031679
vn 0.128734 0.148390 0.980514
vn -0.414112 0.910012 -0.019729
vn 0.006117 0.997890 -0.064639
vn 0.076975 0.622104 -0.779142
vn -0.042021 0.141388 0.989062
vn 0.010718 0.981930 -0.188938
vn 0.009774 0.981506 -0.191182
vn 0.415885 0.575133 -0.704458
vn 0.502438 -0.035477 -0.863885
vn 0.780827 0.028625 -0.624091
vn 0.047898 0.994311 -0.095142
vn 0.575875 0.817538 -0.000884
vn -0.000000 -1.000000 -0.000000
vn 0.000000 -1.000000 -0.000000
vn 0.984427 0.044802 -0.169986
vn 0.031071 -0.018977 -0.999337
vn 0.110868 -0.028536 -0.993425
vn 0.351402 0.129875 0.927173
vn 0.305645 0.757842 0.576417
vn -0.027135 0.999371 -0.022845
vn 0.009923 0.999672 -0.023605
vn 0.627554 0.748952 0.212713
vn 0.997515 0.065505 0.025943
vn 0.129485 0.136291 0.982170
vn 0.933930 0.071321 0.350269
vn 0.631393 0.752314 0.188059
vn -0.023105 0.999234 -0.031581
vn -0.010946 0.983183 -0.182293
vn 0.778994 -0.001753 -0.627029
vn 0.343558 0.121837 0.931195
vn 0.000004 -1.000000 -0.000003
vn 0.980035 0.016042 -0.198176
vn -0.000835 0.998323 -0.057880
vn -0.190311 0.590429 -0.784331
vn 0.932278 0.061208 0.356526
vn 0.999452 0.029558 -0.014898
vn 0.100395 -0.066163 -0.992745
vn -0.243570 -0.034638 -0.969265
vn 0.000000 -1.000000 -0.000000
vn 0.000000 -1.000000 -0.000000
vn -0.006651 0.982540 -0.185934
vn -0.312625 0.767937 -0.559051
vn -0.008951 0.713352 -0.700749
vn -0.481226 0.794315 -0.370789
vn -0.003548 0.979748 -0.200204
vn 0.000566 0.999625 -0.027374
vn -0.586470 0.753425 -0.297329
vn -0.472115 0.587684 -0.657065
vn -0.039298 0.998262 -0.043914
vn -0.569983 0.068094 -0.818830
vn -0.842575 0.041552 -0.536974
vn -0.005265 0.100657 -0.994907
vn 0.000001 -1.000000 -0.000005
vn -0.908870 0.017109 -0.416728
vn -0.004907 0.015204 -0.999872
vn -0.002639 0.008332 -0.999962
vn -0.569714 -0.031940 -0.821222
vn -0.042759 0.998003 -0.046499
vn -0.652953 0.621170 -0.433360
vn -0.242451 -0.068408 -0.967749
vn -0.002827 0.616443 -0.787395
vn -0.825223 -0.012678 -0.564665
vn 0.000000 -1.000000 -0.000000
vn 0.000000 -1.000000 -0.000001
vn -0.002227 0.094973 -0.995477
vn -0.000001 -1.000000 -0.000000
vn -0.000002 -1.000000 0.000000
vn -0.000002 -1.000000 -0.000000
vn -0.000001 -1.000000 -0.000001
vn -0.602225 0.023965 -0.797967
vn -0.843582 0.003961 -0.536986
vn -0.000001 -1.000000 0.000000
vn -0.000001 -1.000000 0.000000
vn -0.005366 0.066619 -0.997764
vn -0.000000 -1.000000 0.000000
vn -0.000000 -1.000000 -0.000000
vn -0.000000 -1.000000 -0.000001
vn -0.000000 -1.000000 -0.000001
vn -0.910230 -0.022072 -0.413514
vn -0.000000 -1.000000 -0.000000
vn -0.000000 -1.000000 -0.000000
vn -0.000002 -1.000000 -0.000012
vn -0.577442 -0.063126 -0.813988
vn -0.827733 -0.039796 -0.559710
vn -0.059799 0.060063 -0.996402
vn -0.296962 0.045614 -0.953799
vn -0.482186 0.870147 -0.101692
vn -0.499000 0.865154 -0.050071
vn -0.000000 -1.000000 0.000000
vn -0.000000 -1.000000 -0.000000
vn -0.000004 -1.000000 -0.000010
vn -0.000005 -1.000000 -0.000005
vn -0.000013 -1.000000 -0.000005
vn -0.000000 -1.000000 -0.000016
vn -0.000009 -1.000000 -0.000005
vn -0.000007 -1.000000 -0.000003
vn -0.000001 -1.000000 -0.000015
vn -0.902178 0.424378 -0.077321
vn -0.997965 0.046717 -0.043398
vn -0.007316 0.019612 -0.999781
vn 0.001887 0.019537 -0.999807
vn -0.005619 0.024337 -0.999688
vn -0.032236 0.037262 -0.998785
vn -0.013041 0.005025 -0.999902
vn -0.011052 -0.008314 -0.999904
vn 0.080599 -0.029101 -0.996322
vn 0.129993 -0.025959 -0.991175
vn 0.004780 0.007043 -0.999964
vn 0.007767 -0.012379 -0.999893
vn 0.637189 0.271982 -0.721122
vn 0.935409 0.000334 -0.353568
vn -0.035065 0.039740 -0.998595
vn 0.693402 0.698870 -0.175423
vn 0.995561 0.092121 0.019289
vn 0.997638 0.065640 0.020229
vn 0.755530 0.639076 -0.144069
vn -0.036102 0.943104 -0.330533
vn -0.011442 0.958278 -0.285608
vn 0.996195 0.081639 0.030488
vn 0.996151 0.085803 0.017910
vn 0.024400 -0.999673 -0.007675
vn 0.017983 -0.999823 -0.005535
vn 0.004918 -0.999977 -0.004758
vn 0.499972 0.859778 -0.103977
vn 0.476959 0.870576 -0.120858
vn 0.862764 0.504296 -0.036395
vn 0.851073 0.521751 -0.058744
vn -0.051529 0.954759 -0.292881
vn -0.074181 0.952584 -0.295094
vn -0.104989 0.946101 -0.306382
vn -0.075522 0.937975 -0.338378
vn -0.296506 0.890566 -0.344930
vn -0.291958 0.897143 -0.331505
vn -0.405442 -0.914092 -0.007276
vn -0.999226 -0.000557 -0.039321
vn 0.702078 0.691833 -0.168681
vn 0.999201 0.037637 -0.013421
vn -0.006273 0.968033 -0.250744
vn 0.999600 -0.011528 -0.025812
vn 0.999916 -0.004607 -0.012114
vn 0.995242 0.077855 -0.058591
vn 0.844241 0.514950 -0.148606
vn 0.482726 0.854635 -0.191246
vn -0.169544 0.955213 -0.242534
vn -0.070761 0.964943 -0.252742
vn 0.530558 0.504118 -0.681449
vn -0.165857 0.600206 -0.782460
vn 0.615641 0.034481 -0.787272
vn -0.235607 0.079895 -0.968559
vn -0.732398 0.479271 -0.483625
vn 0.596696 0.064508 -0.799870
vn -0.861132 0.035775 -0.507122
vn -0.244728 0.017317 -0.969437
vn -0.379717 0.588995 -0.713373
vn 0.501735 0.343348 -0.793961
vn 0.294565 0.520265 -0.801595
vn -0.577212 0.016931 -0.816419
vn -0.104826 0.111575 -0.988212
vn 0.040920 0.085537 -0.995494
vn -0.998476 0.015514 -0.052968
vn -0.857248 -0.005485 -0.514875
vn -0.305603 0.033399 -0.951573
vn -0.262838 0.020797 -0.964616
vn -0.123904 -0.007324 -0.992267
vn -0.000000 -1.000000 0.000000
vn 0.000001 -1.000000 0.000000
vn 0.000000 -1.000000 -0.000000
vn -0.994207 0.086772 -0.063426
vn -0.994200 0.086719 -0.063616
vn 0.000000 -1.000000 -0.000000
vn 0.000000 -1.000000 -0.000000
vn -0.516606 0.014543 -0.856100
vn -0.544307 0.001287 -0.838885
vn -0.846690 -0.018116 -0.531777
vn -0.000003 -1.000000 -0.000007
vn -0.000010 -1.000000 -0.000008
vn -0.003276 0.013063 -0.999909
vn -0.686226 0.045095 -0.725989
vn -0.691189 0.044962 -0.721274
vn -0.131582 0.033638 -0.990734
vn -0.138582 0.033653 -0.989779
vn -0.119922 0.033915 -0.992204
vn 0.013737 0.000001 -0.999906
vn 0.000000 1.000000 0.000000
vn 0.000000 1.000000 0.000000
vn 0.000000 1.000000 -0.000000
vn 0.000000 1.000000 -0.000000
vn 0.000000 1.000000 -0.000000
vn 0.000000 1.000000 -0.000000
vn 0.000000 1.000000 -0.000000
vn 0.000000 1.000000 -0.000000
vn 0.000000 1.000000 -0.000000
vn 0.000000 1.000000 0.000000
vn 0.000000 1.000000 0.000000
vn 0.000000 1.000000 0.000000
vn 0.000000 1.000000 0.000000
vn 0.000000 1.000000 0.000000
vn 0.000000 1.000000 -0.000000
vn 0.000000 1.000000 0.000000
vn 0.000000 1.000000 0.000000
vn 0.038579 0.999253 -0.002404
vn 0.040479 0.999178 -0.002341
vn 0.016047 0.999871 -0.000781
vn 0.016109 0.999870 -0.000784
vn 0.000000 1.000000 -0.000000
vn 0.000000 1.000000 -0.000000
vn -0.060627 0.998145 -0.005648
vn -0.060627 0.998145 -0.005648
vn -0.060627 0.998145 -0.005648
vn 0.000000 1.000000 -0.000000
vn 0.000000 1.000000 -0.000000
vn 0.000000 1.000000 0.000000
vn 0.000000 1.000000 0.000000
vn 0.000000 1.000000 0.000000
vn 0.000000 1.000000 0.000000
vn 0.000000 1.000000 0.000000
vn 0.000000 1.000000 0.000000
vn -0.000001 0.068541 0.997648
vn -0.000001 0.068544 0.997648
vn 0.680970 0.041469 -0.731137
vn 0.997552 0.049857 -0.049037
vn 0.998467 0.055194 0.004174
vn 0.997046 0.065260 0.040495
vn 0.686074 0.096581 0.721092
vn 0.225242 0.089025 0.970227
vn 0.008731 0.071396 0.997410
vn 0.003349 0.062704 0.998027
vn 0.001179 0.067545 0.997715
vn 0.000000 0.068547 0.997648
vn 0.000000 0.068547 0.997648
vn -0.678400 0.044988 -0.733314
vn -0.994104 0.086740 -0.065060
vn -0.996885 0.078856 -0.001475
vn -0.997137 0.066142 0.036658
vn -0.709159 0.079239 0.700582
vn -0.250383 0.087810 0.964157
vn -0.000002 0.068543 0.997648
vn 0.000000 0.068542 0.997648
vn -0.000003 0.068541 0.997648
vn -0.000001 0.068539 0.997648
s 1
g mid scale_low s_3_low
usemtl lambert13SG
f 608/1115/802 609/1116/803 610/1117/804
s 2
f 1252/1740/805 1253/1741/806 613/1667/807 614/1706/808
s 1
f 617/1181/809 615/1180/810 616/1186/811 915/1187/812
f 637/1249/813 612/848/814 629/1231/815 625/1223/816
f 615/1180/810 618/1185/817 619/1191/818 616/1186/811
f 618/857/817 620/858/819 621/859/820 619/860/818
f 622/1220/821 623/1221/822 624/1222/823 625/1223/816
f 628/905/824 626/906/825 627/907/826 653/908/827
f 621/859/820 620/858/819 630/863/828 631/864/829
f 634/922/830 632/1343/831 633/1336/832 662/923/833
f 635/1353/834 636/1346/835 633/1336/832 632/1343/831 902/1344/836 923/1345/837
f 638/1229/838 625/1223/816 624/1222/823 649/1230/839
s 2
f 642/1720/840 643/1460/841 644/1461/842 1225/1696/843
s 1
f 647/961/844 648/953/845 640/956/846 639/962/847
f 648/953/845 651/954/848 645/955/849 640/956/846
f 653/908/827 627/907/826 652/913/850 656/1661/851
f 625/1223/816 638/1229/838 654/1238/852 659/1239/853
f 655/1237/854 649/1230/839 624/1222/823 658/1228/855
f 656/914/851 652/1360/850 634/922/830 662/923/833
f 657/1492/856 647/961/844 639/962/847 646/1493/857
f 654/1238/852 638/1229/838 649/1230/839 655/1237/854
s 2
f 661/1719/858 643/1460/841 642/1720/840
s 1
f 654/1238/852 655/1237/854 663/1244/859 664/1245/860
f 648/953/845 647/961/844 664/963/860 663/957/859
f 663/1244/859 655/1237/854 658/1228/855 665/1235/861
f 648/953/845 663/957/859 665/958/861 651/954/848
f 668/878/862 666/879/863 667/870/864 691/871/865
f 659/1239/853 654/1238/852 664/1245/860 669/1246/866
f 669/1494/866 664/963/860 647/961/844 657/1492/856
f 670/1329/867 633/1336/832 636/1346/835 673/972/868
f 671/1226/869 623/1221/822 666/1225/863 668/1232/862
f 674/1247/870 659/1239/853 669/1246/866 675/1254/871
f 675/1497/871 669/1494/866 657/1492/856 679/1496/872
f 624/1222/823 623/1221/822 671/1226/869 676/1227/873 658/1228/855
f 637/1249/813 625/1223/816 677/1248/874 680/1257/875
f 633/1336/832 670/1329/867 662/923/833
s 2
f 1253/1741/806 1254/1742/876 678/1717/877 613/1667/807
s 1
f 660/1495/878 679/1496/872 657/1492/856 646/1493/857
f 615/1180/810 617/1181/809 682/1174/879 683/1173/880
f 618/1185/817 615/1180/810 683/1173/880 684/1178/881
f 620/858/819 618/857/817 684/861/881 695/862/882
f 609/1116/803 608/1115/802 685/1118/883 714/1119/884
f 608/1115/802 686/1122/885 687/1123/886 685/1118/883
f 665/1235/861 658/1228/855 676/1227/873 688/1236/887
f 651/954/848 665/958/861 688/964/887 703/959/888
f 686/918/885 690/909/889 689/917/890 687/927/886
f 692/1255/891 674/1247/870 675/1254/871 693/1261/892
f 693/1500/892 675/1497/871 679/1496/872 694/1499/893
f 674/1247/870 677/1248/874 625/1223/816 659/1239/853
f 662/923/833 670/1329/867 673/972/868 696/1655/894
f 667/870/864 631/864/829 630/863/828 691/871/865
f 680/1257/875 677/1248/874 698/1256/895 701/1263/896
f 672/1498/897 694/1499/893 679/1496/872 660/1495/878
f 699/1262/898 692/1255/891 693/1261/892 700/1269/899
f 700/1503/899 693/1500/892 694/1499/893 704/1502/900
s 2
f 1254/1742/876 1255/1743/901 678/1717/877
f 636/1465/902 635/1466/903 702/1718/904 1235/1721/905
s 1
f 645/955/849 651/954/848 703/959/888 641/960/906
f 692/1255/891 698/1256/895 677/1248/874 674/1247/870
f 706/1270/907 699/1262/898 700/1269/899 707/1281/908
f 707/1506/908 700/1503/899 704/1502/900 711/1505/909
f 712/884/910 668/878/862 691/871/865 720/876/911
f 713/1234/912 671/1226/869 668/1232/862 712/1240/910
f 681/1501/913 704/1502/900 694/1499/893 672/1498/897
s 2
f 1255/1743/901 1256/1744/914 716/1715/915 678/1717/877
f 673/1471/916 636/1465/902 1235/1721/905 1236/1722/917
s 1
f 717/1282/918 706/1270/907 707/1281/908 718/1293/919
f 718/1509/919 707/1506/908 711/1505/909 722/1508/920
f 719/1233/921 676/1227/873 671/1226/869 713/1234/912
f 721/965/922 703/959/888 688/964/887 723/967/923
f 723/1241/923 688/1236/887 676/1227/873 719/1233/921
f 724/915/924 653/908/827 656/1661/851 725/1660/925
f 725/924/925 656/914/851 662/923/833 726/930/926
f 699/1262/898 698/1256/895 692/1255/891
f 726/930/926 662/923/833 696/1655/894 762/1653/927
f 717/1282/918 718/1293/919 758/1333/928 759/1327/929
f 718/1509/919 722/1508/920 757/1511/930 758/1512/928
f 727/968/931 708/969/932 697/966/933 721/965/922
f 728/1283/934 701/1263/896 698/1256/895 730/1271/935
f 620/858/819 695/862/882 729/869/936 630/863/828
f 709/1504/937 711/1505/909 704/1502/900 681/1501/913
f 731/890/938 712/884/910 720/876/911 736/883/939
f 732/1243/940 713/1234/912 712/1240/910 731/1250/938
f 733/1242/941 719/1233/921 713/1234/912 732/1243/940
f 721/965/922 723/967/923 734/970/942 727/968/931
f 723/1241/923 719/1233/921 733/1242/941 734/1251/942
s 2
f 696/971/943 673/1656/916 1236/1723/917 1237/1724/944
s 1
f 706/1270/907 730/1271/935 698/1256/895 699/1262/898
s 2
f 1256/1744/914 1257/1745/945 737/1367/946 716/1715/915
s 1
f 715/1507/947 722/1508/920 711/1505/909 709/1504/937
f 630/863/828 729/869/936 720/876/911 691/871/865
f 703/959/888 721/965/922 697/966/933 641/960/906
f 738/1265/948 727/1266/931 734/1673/942 745/1672/949
f 734/1251/942 733/1242/941 739/1253/950 745/1260/949
f 689/917/890 690/909/889 628/905/824 740/916/951
f 717/1282/918 730/1271/935 706/1270/907
f 733/1242/941 732/1243/940 741/1252/952 739/1253/950
f 742/1552/953 731/1553/938 736/1554/939 748/1555/954
f 732/1243/940 731/1250/938 742/1259/953 741/1252/952
f 743/1168/955 683/1173/880 682/1174/879 744/1169/956
f 813/1335/957 1233/1686/958 730/1271/935 832/1328/959
f 684/1178/881 683/1173/880 743/1168/955 746/1179/960
f 695/862/882 684/861/881 746/867/960 747/868/961
f 715/1507/947 770/1510/962 757/1511/930 722/1508/920
f 749/1124/963 714/1119/884 685/1118/883 751/1125/964
f 730/1271/935 717/1282/918 759/1327/929 832/1328/959
f 695/862/882 747/868/961 750/875/965 729/869/936
s 2
f 1234/1688/966 1259/1747/967 1247/1734/968 843/1713/969
s 1
f 751/1125/964 685/1118/883 687/1123/886 752/1129/970
f 752/934/970 687/927/886 689/917/890 756/928/971
f 710/1567/972 738/1265/948 814/1289/973 769/1569/974
f 753/1163/975 754/1164/976 792/1155/977 806/1154/978
f 755/1562/979 753/1163/975 806/1154/978 849/1159/980
f 724/915/924 740/916/951 628/905/824 653/908/827
f 756/928/971 689/917/890 740/916/951 764/925/981
f 729/869/936 750/875/965 736/883/939 720/876/911
f 738/1265/948 745/1672/949 816/1671/982 814/1289/973
f 745/1260/949 739/1253/950 820/1267/983 816/1278/982
f 739/1253/950 741/1252/952 834/1268/984 820/1267/983
f 758/1512/928 757/1511/930 760/1514/985 761/1515/986
f 759/1327/929 758/1333/928 761/1340/986 763/1334/987
f 742/1552/953 748/1555/954 857/1561/988 835/1560/989
f 741/1252/952 742/1259/953 835/1277/989 834/1268/984
f 753/1163/975 743/1168/955 744/1169/956 754/1164/976
f 764/925/981 740/916/951 724/915/924 788/926/990
f 761/1515/986 760/1514/985 765/1517/991 766/1518/992
f 763/1334/987 761/1340/986 766/1350/992 767/1341/993
f 753/1163/975 755/1562/979 746/1563/960 743/1168/955
f 755/1674/979 768/1559/994 747/1558/961 746/1675/960
f 725/924/925 726/930/926 771/1310/995 773/1314/996
s 2
f 762/975/997 696/971/943 1237/1724/944 1238/1725/998
s 1
f 724/915/924 725/1660/925 773/931/996 788/926/990
f 727/1266/931 738/1265/948 710/1567/972 708/1568/932
f 766/1518/992 765/1517/991 774/1520/999 775/1521/1000
f 767/1341/993 766/1350/992 775/1358/1000 776/1351/1001
f 747/1558/961 768/1559/994 778/1557/1002 750/1556/965
f 775/1521/1000 774/1520/999 779/1523/1003 780/1524/1004
f 776/1351/1001 775/1358/1000 780/1357/1004 782/1349/1005
f 780/1524/1004 779/1523/1003 784/1526/1006 785/1527/1007
f 782/1349/1005 780/1357/1004 785/1347/1007 786/1339/1008
f 750/1556/965 778/1557/1002 748/1555/954 736/1554/939
f 785/1527/1007 784/1526/1006 789/1529/1009 790/1530/1010
f 786/1339/1008 785/1347/1007 790/1337/1010 794/1332/1011
f 793/1130/1012 751/1125/964 752/1129/970 795/1135/1013
f 795/939/1013 752/934/970 756/928/971 798/935/1014
f 790/1530/1010 789/1529/1009 797/1532/1015 799/1533/1016
f 794/1332/1011 790/1337/1010 799/1330/1016 800/1326/1017
f 798/935/1014 756/928/971 764/925/981 815/933/1018
f 803/1654/1019 804/1551/1020 829/1316/1021 771/1310/995
f 804/1551/1020 805/1325/1022 830/1311/1023 829/1316/1021
f 808/1136/1024 807/1131/1025 793/1130/1012 828/1137/1026
f 799/1533/1016 797/1532/1015 809/1535/1027 810/1536/1028
f 800/1326/1017 799/1330/1016 810/1323/1028 812/1322/1029
f 810/1536/1028 809/1535/1027 818/1538/1030 819/1539/1031
f 812/1322/1029 810/1323/1028 819/1321/1031 824/1320/1032
f 823/981/1033 821/982/1034 822/983/1035 841/984/1036
f 828/1137/1026 793/1130/1012 795/1135/1013 831/1141/1037
f 771/1310/995 829/1316/1021 830/1311/1023
f 831/944/1037 795/939/1013 798/935/1014 852/940/1038
f 819/1539/1031 818/1538/1030 836/985/1039 837/991/1040
f 824/1320/1032 819/1321/1031 837/1319/1040 839/1318/1041
f 764/925/981 788/926/990 838/932/1042 815/933/1018
f 830/1311/1023 824/1320/1032 839/1318/1041 842/1317/1043
f 837/991/1040 836/985/1039 823/981/1033 844/990/1044
f 839/1318/1041 837/1319/1040 844/1315/1044 848/1313/1045
f 846/1312/1046 842/1317/1043 839/1318/1041 848/1313/1045
f 847/1306/1047 830/1311/1023 842/1317/1043 846/1312/1046
f 850/989/1048 844/990/1044 823/981/1033 841/984/1036
f 847/1306/1047 846/1312/1046 848/1313/1045 851/1307/1049
f 851/1307/1049 848/1313/1045 844/1315/1044 850/1309/1048
f 777/1513/1050 760/1514/985 757/1511/930 770/1510/962
f 853/1352/1051 813/1335/957 832/1328/959 863/1342/1052
f 854/1142/1053 808/1136/1024 828/1137/1026 865/1143/1054
f 850/989/1048 841/984/1036 855/987/1055 856/992/1056
f 851/1307/1049 850/1309/1048 856/1304/1056 858/1301/1057
f 859/1305/1058 847/1306/1047 851/1307/1049 858/1301/1057 860/1300/1059
f 768/1559/994 755/1674/979 849/1566/980 888/1565/1060
f 763/1334/987 832/1328/959 759/1327/929
f 781/1516/1061 765/1517/991 760/1514/985 777/1513/1050
f 861/1308/1062 859/1305/1058 860/1300/1059 862/1303/1063
f 838/932/1042 861/936/1062 862/941/1063 869/938/1064
s 2
f 1246/1733/1065 1247/1734/968 813/1545/1066 853/1546/1067
s 1
f 778/1557/1002 768/1559/994 888/1565/1060 889/1564/1068
f 865/1143/1054 828/1137/1026 831/1141/1037 866/1147/1069
f 866/949/1069 831/944/1037 852/940/1038 868/945/1070
f 845/994/1071 840/996/1072 867/997/1073 871/993/1074
f 867/997/1073 814/1289/973 816/1671/982 870/998/1075
f 767/1341/993 863/1342/1052 832/1328/959 763/1334/987
f 783/1519/1076 774/1520/999 765/1517/991 781/1516/1061
f 870/1290/1075 816/1278/982 820/1267/983 873/1279/1077
f 857/1561/988 748/1555/954 778/1557/1002 889/1564/1068
f 872/1348/1078 853/1352/1051 863/1342/1052 881/1338/1079
f 873/1279/1077 820/1267/983 834/1268/984 876/1280/1080
f 856/992/1056 855/987/1055 871/993/1074 874/995/1081
f 858/1301/1057 856/1304/1056 874/1299/1081 875/1292/1082
f 871/993/1074 867/997/1073 870/998/1075 874/995/1081
f 876/1280/1080 834/1268/984 835/1277/989 878/1288/1083
f 835/1560/989 857/1561/988 877/948/1084 878/951/1083
f 870/1290/1075 873/1279/1077 875/1292/1082 874/1299/1081
f 726/930/926 762/1653/927 803/1654/1019 771/1310/995
f 787/1522/1085 779/1523/1003 774/1520/999 783/1519/1076
f 776/1351/1001 863/1342/1052 767/1341/993
f 862/1303/1063 860/1300/1059 879/1291/1086 880/1298/1087
f 869/938/1064 862/941/1063 880/946/1087 883/943/1088
s 2
f 1245/1732/1089 1246/1733/1065 853/1546/1067 872/1547/1090
s 1
f 878/951/1083 877/948/1084 883/943/1088 880/946/1087
f 876/1280/1080 878/1288/1083 880/1298/1087 879/1291/1086
s 2
f 803/977/1091 762/975/997 1238/1725/998 1239/1726/1092
s 1
f 791/1525/1093 784/1526/1006 779/1523/1003 787/1522/1085
f 782/1349/1005 881/1338/1079 863/1342/1052 776/1351/1001
f 884/1331/1094 872/1348/1078 881/1338/1079 1229/1682/1095
f 796/1528/1096 789/1529/1009 784/1526/1006 791/1525/1093
s 2
f 1244/1731/1097 1245/1732/1089 872/1547/1090 884/1548/1098
s 1
f 786/1339/1008 881/1338/1079 782/1349/1005
f 751/1125/964 793/1130/1012 807/1131/1025 749/1124/963
f 802/1531/1099 797/1532/1015 789/1529/1009 796/1528/1096
f 886/1324/1100 1227/1679/1101 1228/1681/1102 1230/1683/1103
f 881/1338/1079 786/1339/1008 794/1332/1011 1229/1682/1095
s 2
f 1242/1729/1104 1243/1730/1105 1227/1680/1106 886/1549/1107
s 1
f 811/1534/1108 809/1535/1027 797/1532/1015 802/1531/1099
s 2
f 1241/1728/1109 1242/1729/1104 886/1549/1107 805/1550/1110
s 1
f 817/1537/1111 818/1538/1030 809/1535/1027 811/1534/1108
f 812/1322/1029 1230/1683/1103 1228/1681/1102 800/1326/1017
s 2
f 804/979/1112 803/977/1091 1239/1726/1092 1240/1727/1113
f 805/1550/1110 804/979/1112 1240/1727/1113 1241/1728/1109
s 1
f 836/985/1039 818/1538/1030 817/1537/1111 827/986/1114
f 823/981/1033 836/985/1039 827/986/1114 821/982/1034
f 859/1305/1058 771/1310/995 830/1311/1023 847/1306/1047
f 788/926/990 773/931/996 861/936/1062 838/932/1042
f 773/1314/996 771/1310/995 859/1305/1058 861/1308/1062
f 852/940/1038 798/935/1014 815/933/1018 890/937/1115
f 855/987/1055 841/984/1036 822/983/1035 801/988/1116
f 891/1148/1117 806/1154/978 792/1155/977 892/1149/1118
f 890/937/1115 815/933/1018 838/932/1042 869/938/1064
f 865/1143/1054 891/1148/1117 892/1149/1118 854/1142/1053
f 814/1289/973 867/997/1073 840/996/1072 769/1569/974
f 849/1159/980 806/1154/978 891/1148/1117 893/1153/1119
f 871/993/1074 855/987/1055 801/988/1116 845/994/1071
f 888/1565/1060 849/1566/980 893/952/1119 894/950/1120
f 888/1565/1060 894/950/1120 895/947/1121 889/1564/1068
f 893/1153/1119 891/1148/1117 865/1143/1054 866/1147/1069
f 894/950/1120 893/952/1119 866/949/1069 868/945/1070
f 868/945/1070 852/940/1038 890/937/1115 896/942/1122
f 889/1564/1068 895/947/1121 877/948/1084 857/1561/988
f 894/950/1120 868/945/1070 896/942/1122 895/947/1121
f 879/1291/1086 860/1300/1059 858/1301/1057 875/1292/1082
f 896/942/1122 890/937/1115 869/938/1064 883/943/1088
f 876/1280/1080 879/1291/1086 875/1292/1082 873/1279/1077
f 895/947/1121 896/942/1122 883/943/1088 877/948/1084
s 2
f 643/1460/841 635/1466/903 897/1470/1123
s 1
f 897/1359/1124 635/1353/834 923/1345/837 925/1356/1125
s 2
f 643/1460/841 897/1470/1123 898/1467/1126
s 1
f 628/905/824 690/909/889 899/910/1127 626/906/825
f 898/999/1128 897/1000/1124 925/1003/1125 929/1004/1129
f 625/1223/816 629/1231/815 622/1220/821
s 2
f 901/1462/1130 643/1460/841 898/1467/1126
s 1
f 902/1344/836 632/1343/831 634/922/830 904/1354/1131
f 901/1001/1132 898/999/1128 929/1004/1129 933/1008/1133
s 2
f 644/1461/842 643/1460/841 901/1462/1130 909/1463/1134
s 1
f 608/1115/802 610/1117/804 903/1120/1135 906/1121/1136
f 904/1354/1131 634/922/830 652/1360/850 907/1361/1137
f 690/909/889 686/918/885 905/919/1138 899/910/1127
f 686/1122/885 608/1115/802 906/1121/1136 905/1128/1138
f 907/921/1137 652/913/850 627/907/826 916/911/1139
f 622/1220/821 908/1224/1140 666/1225/863 623/1221/822
s 2
f 910/1468/1141 900/1464/1142 644/1461/842 909/1463/1134
s 1
f 909/1002/1143 901/1001/1132 933/1008/1133 935/1013/1144
f 908/885/1140 911/877/1145 667/870/864 666/879/863
f 912/872/1146 631/864/829 667/870/864 911/877/1145
s 2
f 914/1472/1147 913/1469/1148 900/1464/1142 910/1468/1141
s 1
f 910/1005/1149 909/1002/1143 935/1013/1144 939/1017/1150
f 622/1220/821 629/1231/815 612/848/814 611/1652/1151
f 914/1386/1152 910/1387/1149 939/1390/1150 945/1391/1153
s 2
f 913/1469/1148 914/1472/1147 918/1474/1154 919/1473/1155
s 1
f 918/1388/1156 914/1386/1152 945/1391/1153 957/1395/1157
f 621/859/820 631/864/829 912/872/1146 932/865/1158
f 626/906/825 899/910/1127 920/920/1159 924/912/1160
s 2
f 650/1698/1161 913/1469/1148 919/1473/1155 917/1705/1162
s 1
f 906/1121/1136 903/1120/1135 921/1126/1163 928/1127/1164
s 2
f 919/1473/1155 918/1474/1154 922/1475/1165
s 1
f 916/911/1139 627/907/826 626/906/825 924/912/1160
f 902/1344/836 904/1354/1131 926/1355/1166 923/1345/837
f 899/910/1127 905/919/1138 927/929/1167 920/920/1159
f 905/1128/1138 906/1121/1136 928/1127/1164 927/1134/1167
f 904/1354/1131 907/1361/1137 930/1362/1168 926/1355/1166
f 907/921/1137 916/911/1139 931/1570/1169 930/1571/1168
f 918/1388/1156 957/1395/1157 1231/1684/1170 973/1400/1171 922/1389/1172
f 944/1572/1173 931/1570/1169 916/911/1139 924/912/1160 946/1573/1174
f 619/860/818 621/859/820 932/865/1158 934/866/1175
f 616/1186/811 619/1191/818 934/1196/1175 941/1192/1176
s 2
f 919/1473/1155 922/1475/1165 936/1477/1177 938/1476/1178
s 1
f 925/1356/1125 923/1345/837 926/1355/1166 940/1363/1179
f 908/1224/1140 622/1220/821 937/899/1180 987/891/1181
f 929/1004/1129 925/1003/1125 940/1006/1179 943/1007/1182
f 942/886/1183 911/877/1145 908/885/1140 987/1659/1181
f 933/1008/1133 929/1004/1129 943/1007/1182 948/1009/1184 949/1011/1185 947/1012/1186
f 922/1389/1172 973/1400/1171 995/1405/1187 936/1392/1188
f 912/872/1146 911/877/1145 942/886/1183 1008/880/1189
f 935/1013/1144 933/1008/1133 947/1012/1186 951/1016/1190
f 940/1363/1179 926/1355/1166 930/1362/1168 950/1364/1191
f 948/1009/1184 943/1007/1182 940/1006/1179 950/1010/1191
f 950/1574/1191 930/1571/1168 931/1570/1169 952/1575/1192
f 939/1017/1150 935/1013/1144 951/1016/1190 956/1019/1193
f 948/1009/1184 950/1010/1191 952/1014/1192 949/1011/1185
f 946/1573/1174 924/912/1160 953/1577/1194 964/1578/1195
f 947/1012/1186 949/1011/1185 952/1014/1192 954/1015/1196
f 954/1576/1196 952/1575/1192 931/1570/1169 944/1572/1173
s 2
f 938/1476/1178 936/1477/1177 955/1478/1197
s 1
f 945/1391/1153 939/1390/1150 956/1393/1193 963/1394/1198
f 958/1132/1199 928/1127/1164 921/1126/1163 967/1133/1200
f 951/1016/1190 947/1012/1186 954/1015/1196 959/1018/1201
f 959/1581/1201 954/1576/1196 944/1572/1173 960/1579/1202
f 960/1579/1202 944/1572/1173 946/1573/1174 962/1580/1203
f 920/920/1159 927/929/1167 961/1582/1204 953/1577/1194
f 961/1138/1204 927/1134/1167 928/1127/1164 958/1132/1199
f 956/1019/1193 951/1016/1190 959/1018/1201 966/1020/1205
f 962/1580/1203 946/1573/1174 964/1578/1195 968/1586/1206
f 959/1581/1201 960/1579/1202 965/1587/1207 966/1588/1205
f 965/1587/1207 960/1579/1202 962/1580/1203 968/1586/1206
s 2
f 917/1705/1162 919/1473/1155 938/1476/1178
s 1
f 936/1392/1188 995/1405/1187 1036/1412/1208 955/1396/1209
f 969/1399/1210 957/1395/1157 945/1391/1153 963/1394/1198
f 956/1393/1193 966/1397/1205 971/1398/1211 963/1394/1198
f 965/1587/1207 968/1586/1206 964/1578/1195 972/1585/1212
f 966/1588/1205 965/1587/1207 972/1585/1212 971/1592/1211
f 963/1394/1198 971/1398/1211 974/1401/1213 969/1399/1210
f 971/1592/1211 972/1585/1212 975/1584/1214 974/1593/1213
f 1144/1448/1215 955/1396/1209 1036/1412/1208 1169/1454/1216
f 616/1186/811 941/1192/1176 977/1193/1217 915/1187/812
f 978/1583/1218 975/1584/1214 972/1585/1212
f 969/1399/1210 974/1401/1213 979/1406/1219 976/1403/1220
f 980/873/1221 932/865/1158 912/872/1146 1008/880/1189
f 974/1593/1213 975/1584/1214 982/1591/1222 979/1595/1219
f 983/1402/1223 973/1400/1171 1231/1684/1170 957/1395/1157 969/1399/1210 976/1403/1220 981/1404/1224
f 984/1408/1225 976/1403/1220 979/1406/1219 985/1413/1226
f 985/1021/1226 979/1022/1219 982/1023/1222 988/1024/1227
f 986/1139/1228 958/1132/1199 967/1133/1200 989/1140/1229
f 990/1418/1230 984/1408/1225 985/1413/1226 991/1663/1231
f 991/1027/1231 985/1021/1226 988/1024/1227 993/1028/1232
f 992/1144/1233 961/1138/1204 958/1132/1199 986/1139/1228
f 953/1577/1194 961/1582/1204 992/1589/1233 978/1583/1218
f 981/1404/1224 976/1403/1220 984/1408/1225 1002/1409/1234
f 994/1590/1235 982/1591/1222 975/1584/1214 978/1583/1218
f 996/1025/1236 988/1024/1227 982/1023/1222 994/1026/1235
f 986/1139/1228 989/1140/1229 997/1145/1237 1004/1146/1238
s 2
f 1251/1739/1239 1252/1740/805 614/1706/808 970/1704/1240
s 1
f 934/866/1175 932/865/1158 980/873/1221 999/874/1241
f 941/1192/1176 934/1196/1175 999/1201/1241 1095/1197/1242
f 1000/1425/1243 990/1418/1230 991/1663/1231 1001/1662/1244
f 1001/1039/1244 991/1027/1231 993/1028/1232 1007/1033/1245
f 1004/1146/1238 997/1145/1237 1003/1151/1246 1010/1152/1247
f 1005/1029/1248 993/1028/1232 988/1024/1227 996/1025/1236
f 1006/1052/1249 990/1418/1230 1000/1425/1243 1021/1053/1250
f 1010/1152/1247 1003/1151/1246 1009/1157/1251 1027/1158/1252
f 983/1402/1223 981/1404/1224 1011/1410/1253 1015/1411/1254
f 1011/1410/1253 981/1404/1224 1002/1409/1234 1014/1419/1255
f 978/1583/1218 992/1589/1233 1012/1594/1256 994/1590/1235
f 1012/1150/1256 992/1144/1233 986/1139/1228 1004/1146/1238
f 973/1400/1171 983/1402/1223 1013/1407/1257 995/1405/1187
f 1016/1041/1258 1011/1042/1253 1014/1043/1255 1017/1044/1259
f 1015/1596/1254 1011/1042/1253 1016/1041/1258 1018/1597/1260
f 1014/1419/1255 1002/1409/1234 1006/1052/1249 1020/1045/1261
f 994/1026/1235 1012/1030/1256 1019/1031/1262 996/1025/1236
f 1017/1044/1259 1014/1043/1255 1020/1664/1261 1022/1046/1263
f 1012/1150/1256 1004/1146/1238 1010/1152/1247 1019/1156/1262
f 1023/1049/1264 1020/1045/1261 1006/1052/1249 1021/1053/1250
f 1022/1046/1263 1020/1664/1261 1023/1605/1264 1026/1050/1265
f 1024/1430/1266 1000/1425/1243 1001/1662/1244 1031/1432/1267
f 1025/1032/1268 1007/1033/1245 993/1028/1232 1005/1029/1248
f 996/1025/1236 1019/1031/1262 1028/1034/1269 1005/1029/1248
f 1026/1050/1265 1023/1605/1264 1032/1606/1270 1035/1607/1271
f 1023/1049/1264 1021/1053/1250 1029/1431/1272 1032/1439/1270
f 1019/1156/1262 1010/1152/1247 1027/1158/1252 1028/1160/1269
f 983/1402/1223 1015/1411/1254 1030/1414/1273 1013/1407/1257
f 1031/1038/1267 1001/1039/1244 1007/1033/1245 1043/1036/1274
f 1015/1596/1254 1018/1597/1260 1033/1599/1275 1030/1600/1273
f 1027/1158/1252 1009/1157/1251 1034/1161/1276 1048/1162/1277
f 1016/1041/1258 1017/1044/1259 1037/1047/1278 1049/1048/1279
f 1038/1598/1280 1018/1597/1260 1016/1041/1258 1049/1048/1279
f 1017/1044/1259 1022/1046/1263 1039/1051/1281 1037/1047/1278
f 1032/1439/1270 1029/1431/1272 1040/1438/1282 1044/1447/1283
f 1041/1608/1284 1035/1607/1271 1032/1606/1270 1044/1609/1283
f 1042/1054/1285 1039/1051/1281 1022/1046/1263 1026/1050/1265
f 1046/1610/1286 1042/1054/1285 1026/1050/1265 1035/1607/1271
f 1005/1029/1248 1028/1034/1269 1047/1037/1287 1025/1032/1268
f 1028/1160/1269 1027/1158/1252 1048/1162/1277 1047/1165/1287
f 1050/1452/1288 1044/1447/1283 1040/1438/1282 1054/1446/1289
f 1051/1612/1290 1041/1608/1284 1044/1609/1283 1050/1613/1288
f 622/1220/821 611/1652/1151 998/1651/1291 937/899/1180
f 1052/1437/1292 1024/1430/1266 1031/1432/1267 1065/1440/1293
f 1035/1607/1271 1041/1608/1284 1053/1611/1294 1046/1610/1286
f 1055/1417/1295 995/1405/1187 1013/1407/1257 1045/1416/1296
f 1013/1407/1257 1030/1414/1273 1057/1420/1297 1045/1416/1296
f 1058/1035/1298 1043/1036/1274 1007/1033/1245 1025/1032/1268
f 1030/1600/1273 1033/1599/1275 1059/1602/1299 1057/1603/1297
f 1060/1421/1300 1045/1416/1296 1057/1420/1297 1062/1426/1301
f 1048/1162/1277 1034/1161/1276 1061/1166/1302 1079/1167/1303
f 1062/1055/1301 1057/1056/1297 1059/1057/1299 1064/1058/1304
f 1063/1601/1305 1033/1599/1275 1018/1597/1260 1038/1598/1280
f 1065/1615/1293 1031/1038/1267 1043/1036/1274 1077/1616/1306
f 1066/1067/1307 1051/1612/1290 1050/1613/1288 1067/1068/1308
f 1067/1450/1308 1050/1452/1288 1054/1446/1289 1070/1442/1309
f 1068/1427/1310 1060/1421/1300 1062/1426/1301 1069/1433/1311
f 1069/1061/1311 1062/1055/1301 1064/1058/1304 1071/1062/1312
f 1041/1608/1284 1051/1612/1290 1072/1614/1313 1053/1611/1294
f 1073/1064/1314 1066/1067/1307 1067/1068/1308 1074/1065/1315
f 1074/1441/1315 1067/1450/1308 1070/1442/1309 1075/1434/1316
f 1069/1061/1311 1071/1062/1312 1073/1064/1314 1074/1065/1315
f 1068/1427/1310 1069/1433/1311 1074/1441/1315 1075/1434/1316
f 1045/1416/1296 1060/1421/1300 1076/1422/1317 1055/1417/1295
f 1078/1604/1318 1059/1602/1299 1033/1599/1275 1063/1601/1305
f 1072/1614/1313 1051/1612/1290 1066/1067/1307 1083/1069/1319
f 1047/1165/1287 1048/1162/1277 1079/1167/1303 1080/1170/1320
f 1025/1032/1268 1047/1037/1287 1080/1040/1320 1058/1035/1298
f 1081/1059/1321 1064/1058/1304 1059/1057/1299 1078/1060/1318
f 1082/1445/1322 1052/1437/1292 1065/1440/1293 1088/1449/1323
f 1083/1069/1319 1066/1067/1307 1073/1064/1314 1085/1066/1324
f 1084/1063/1325 1071/1062/1312 1064/1058/1304 1081/1059/1321
f 1085/1066/1324 1073/1064/1314 1071/1062/1312 1084/1063/1325
f 1086/1617/1326 1077/1616/1306 1043/1036/1274 1058/1035/1298
f 1065/1615/1293 1077/1616/1306 1087/1618/1327 1088/1619/1323
f 1061/1166/1302 1089/1171/1328 1090/1172/1329 1079/1167/1303
f 1056/1415/1330 1055/1417/1295 1091/1423/1331 1093/1424/1332
f 1091/1423/1331 1055/1417/1295 1076/1422/1317 1092/1429/1333
f 1169/1454/1216 1036/1412/1208 1056/1415/1330 1182/1455/1334
f 1092/1429/1333 1076/1422/1317 1094/1428/1335 1101/1436/1336
f 1082/1445/1322 1088/1449/1323 1096/1451/1337 1098/1443/1338
f 1097/1074/1339 1091/1075/1331 1092/1071/1333 1099/1070/1340
f 1093/1624/1332 1091/1625/1331 1097/1626/1339 1100/1627/1341
f 1080/1170/1320 1079/1167/1303 1090/1172/1329 1102/1175/1342
f 1099/1070/1340 1092/1071/1333 1101/1072/1336 1106/1073/1343
f 1058/1035/1298 1080/1621/1320 1102/1622/1342 1086/1617/1326
s 2
f 1135/1479/1344 1103/1703/1345 917/1705/1162 938/1476/1178
s 1
f 1088/1619/1323 1087/1618/1327 1104/1082/1346 1096/1081/1337
f 1101/1436/1336 1094/1428/1335 1105/1435/1347 1108/1444/1348
f 1107/1620/1349 1087/1618/1327 1077/1616/1306 1086/1617/1326
f 1108/1444/1348 1105/1435/1347 1098/1443/1338 1096/1451/1337
f 1056/1415/1330 1093/1424/1332 1189/1457/1350 1182/1455/1334
f 1106/1073/1343 1101/1072/1336 1108/1076/1348 1111/1077/1351
f 1089/1171/1328 1109/1176/1352 1110/1177/1353 1090/1172/1329
f 1093/1624/1332 1100/1627/1341 1195/1633/1354 1189/1632/1350
f 1111/1077/1351 1108/1076/1348 1096/1081/1337 1104/1082/1346
f 1114/1195/1355 1112/1200/1356 1113/1090/1357 1121/1089/1358
f 1115/1080/1359 1097/1074/1339 1099/1070/1340 1123/1078/1360
f 1112/1200/1356 1116/1204/1361 1117/1091/1362 1113/1090/1357
f 1118/1628/1363 1100/1627/1341 1097/1626/1339 1115/1629/1359
f 1116/1204/1361 1119/1207/1364 1120/1208/1365 1117/1091/1362
f 1122/1189/1366 1114/1195/1355 1121/1089/1358 1124/1190/1367
f 1123/1078/1360 1099/1070/1340 1106/1073/1343 1129/1079/1368
f 1125/1183/1369 1122/1189/1366 1124/1190/1367 1126/1184/1370
f 1109/1176/1352 1125/1183/1369 1126/1184/1370 1110/1177/1353
f 1102/1175/1342 1090/1172/1329 1110/1177/1353 1128/1182/1371
f 1127/1087/1372 1104/1082/1346 1087/1618/1327 1107/1620/1349
f 1086/1617/1326 1102/1622/1342 1128/1623/1371 1107/1620/1349
f 1129/1079/1368 1106/1073/1343 1111/1077/1351 1130/1083/1373
f 1130/1083/1373 1111/1077/1351 1104/1082/1346 1127/1087/1372
f 1195/1633/1354 1216/1635/1374 1210/1634/1375
f 1138/900/1376 937/899/1180 998/1651/1291 1159/1650/1377
f 1120/1208/1365 1119/1207/1364 1191/1219/1378 1211/1218/1379
f 1131/1188/1380 1128/1182/1371 1110/1177/1353 1126/1184/1370
f 1113/1090/1357 1117/1091/1362 1132/1086/1381 1133/1669/1382
f 1133/1085/1382 1132/1670/1381 1115/1080/1359 1123/1078/1360
f 1118/1628/1363 1115/1629/1359 1132/1630/1381 1134/1631/1383
f 1134/1212/1383 1132/1213/1381 1117/1091/1362 1120/1208/1365
f 1107/1620/1349 1128/1623/1371 1131/1092/1380 1127/1087/1372
f 1121/1089/1358 1113/1090/1357 1133/1669/1382 1136/1668/1384
f 1136/1084/1384 1133/1085/1382 1123/1078/1360 1129/1079/1368
f 1137/1194/1385 1131/1188/1380 1126/1184/1370 1124/1190/1367
f 1124/1190/1367 1121/1089/1358 1136/1199/1384 1137/1194/1385
f 1130/1083/1373 1127/1087/1372 1131/1092/1380 1137/1088/1385
f 1137/1088/1385 1136/1084/1384 1129/1079/1368 1130/1083/1373
f 1134/1212/1383 1120/1208/1365 1211/1218/1379 1214/1217/1386
f 1118/1628/1363 1134/1631/1383 1214/1638/1386 1216/1635/1374
f 987/891/1181 937/899/1180 1138/900/1376 1139/896/1387
f 942/886/1183 987/1659/1181 1139/1658/1387 1158/892/1388
s 2
f 955/1478/1197 1144/1480/1389 1135/1479/1344 938/1476/1178
f 1140/1702/1390 1141/1485/1391 1142/1692/1392
s 1
f 1006/1052/1249 1002/1409/1234 984/1408/1225 990/1418/1230
s 2
f 1145/1481/1393 1135/1479/1344 1144/1480/1389 1149/1482/1394
f 1153/1486/1395 1148/1487/1396 1141/1485/1391 1147/1483/1397 1156/1484/1398
f 1147/1483/1397 1145/1481/1393 1149/1482/1394 1156/1484/1398
f 1150/1489/1399 1141/1485/1391 1148/1487/1396 1152/1488/1400
f 1141/1485/1391 1150/1489/1399 1151/1491/1401
s 1
f 1150/1093/1402 1152/1094/1403 1168/1099/1404 1166/1098/1405
f 1151/1284/1406 1150/1294/1402 1166/1285/1405 1167/1275/1407
s 2
f 1152/1488/1400 1148/1487/1396 1153/1486/1395
s 1
f 1152/1094/1403 1153/1095/1408 1171/1100/1409 1168/1099/1404
f 1155/1202/1410 1154/1198/1411 1095/1197/1242 1161/1203/1412
f 1021/1053/1250 1000/1425/1243 1024/1430/1266 1029/1431/1272
f 941/1192/1176 1095/1197/1242 1154/1198/1411 977/1193/1217
f 1149/1453/1413 1144/1448/1215 1169/1454/1216 1172/1456/1414
f 1153/1095/1408 1156/1096/1415 1173/1103/1416 1171/1100/1409
f 1156/1096/1415 1149/1097/1413 1172/1108/1414 1173/1103/1416
f 1151/1284/1406 1167/1275/1407 1165/1276/1417 1170/1274/1418 1163/1264/1419 1157/1273/1420
f 1138/900/1376 1159/1650/1377 1160/1272/1421 1164/1258/1422
f 1029/1431/1272 1024/1430/1266 1052/1437/1292 1040/1438/1282
f 1160/1272/1421 1157/1273/1420 1163/1264/1419 1164/1258/1422
f 1161/1203/1412 1095/1197/1242 999/1201/1241 1162/1205/1423
f 1162/881/1423 999/874/1241 980/873/1221 1181/882/1424
f 1040/1438/1282 1052/1437/1292 1082/1445/1322 1054/1446/1289
f 1054/1446/1289 1082/1445/1322 1098/1443/1338 1070/1442/1309
f 1068/1427/1310 1094/1428/1335 1076/1422/1317 1060/1421/1300
f 1075/1434/1316 1105/1435/1347 1094/1428/1335 1068/1427/1310
f 1070/1442/1309 1098/1443/1338 1105/1435/1347 1075/1434/1316
f 1138/900/1376 1164/1258/1422 1163/1264/1419
f 1174/1101/1425 1166/1098/1405 1168/1099/1404 1176/1102/1426
f 1175/1287/1427 1167/1275/1407 1166/1285/1405 1174/1295/1425
f 1183/1104/1428 1180/1105/1429 1176/1102/1426 1168/1099/1404 1171/1100/1409 1178/1106/1430
f 1178/1106/1430 1171/1100/1409 1173/1103/1416 1184/1109/1431
f 1179/1458/1432 1172/1456/1414 1169/1454/1216 1182/1455/1334
f 1184/1109/1431 1173/1103/1416 1172/1108/1414 1179/1112/1432
f 1163/1264/1419 1170/1274/1418 1185/903/1433 1138/900/1376
f 1186/1286/1434 1165/1276/1417 1167/1275/1407 1175/1287/1427
f 1187/1107/1435 1174/1101/1425 1176/1102/1426 1180/1105/1429
f 1188/1296/1436 1175/1287/1427 1174/1295/1425 1187/1302/1435
f 1190/1110/1437 1187/1107/1435 1180/1105/1429 1183/1104/1428
f 1192/1644/1438 1188/1647/1436 1187/1649/1435 1190/1648/1437
f 1185/903/1433 1170/1274/1418 1165/1276/1417 1186/1286/1434
f 1139/896/1387 1138/900/1376 1185/903/1433 1193/901/1439
f 1190/1110/1437 1183/1104/1428 1178/1106/1430 1194/1111/1440
f 1158/892/1388 1139/1658/1387 1193/1657/1439 1202/897/1441
f 1192/1644/1438 1190/1648/1437 1194/1646/1440 1196/1645/1442
f 1186/1286/1434 1175/1287/1427 1188/1296/1436 1198/1297/1443
f 1194/1111/1440 1178/1106/1430 1184/1109/1431 1197/1113/1444
f 1179/1458/1432 1182/1455/1334 1189/1457/1350 1199/1459/1445
f 1197/1113/1444 1184/1109/1431 1179/1112/1432 1199/1114/1445
f 1198/904/1443 1188/1647/1436 1192/1644/1438 1205/902/1446
f 1196/1645/1442 1194/1646/1440 1197/1642/1444 1200/1641/1447
f 1199/1636/1445 1189/1632/1350 1195/1633/1354 1201/1637/1448
f 1200/1641/1447 1197/1642/1444 1199/1636/1445 1201/1637/1448
f 1203/887/1449 1158/892/1388 1202/897/1441 1215/893/1450
f 1205/902/1446 1192/1644/1438 1196/1645/1442 1208/1640/1451
f 1196/1645/1442 1200/1641/1447 1206/1643/1452 1208/1640/1451
f 1200/1641/1447 1201/1637/1448 1207/1639/1453 1206/1643/1452
f 1161/1203/1412 1209/1206/1454 1155/1202/1410
f 1206/1643/1452 1207/1639/1453 1210/1634/1375 1208/1640/1451
f 1193/901/1439 1185/903/1433 1186/1286/1434 1198/1297/1443
f 1211/1218/1379 1191/1219/1378 1212/1216/1455 1221/1215/1456
s 2
f 1250/1738/1457 1251/1739/1239 970/1704/1240 1177/1700/1458
s 1
f 1202/897/1441 1193/1657/1439 1198/904/1443 1205/902/1446
f 1213/1211/1459 1209/1206/1454 1161/1203/1412 1219/1209/1460
f 1208/1640/1451 1210/1634/1375 1216/1635/1374 1218/894/1461 1217/898/1462
f 1212/1216/1455 1213/1211/1459 1219/1209/1460 1221/1215/1456
s 2
f 1103/1703/1345 1135/1479/1344 1145/1481/1393
s 1
f 1203/887/1449 1215/893/1450 1220/889/1463 1181/882/1424
f 1214/1217/1386 1211/1218/1379 1221/1215/1456 1223/1214/1464
f 1218/894/1461 1216/1635/1374 1214/1638/1386 1223/895/1464
f 1219/1209/1460 1161/1203/1412 1162/1205/1423 1222/1210/1465
f 1222/888/1465 1162/881/1423 1181/882/1424 1220/889/1463
s 2
f 1103/1703/1345 1145/1481/1393 1147/1483/1397 1204/1701/1466
s 1
f 1222/1210/1465 1223/1214/1464 1221/1215/1456 1219/1209/1460
s 2
f 1204/1701/1466 1147/1483/1397 1141/1485/1391 1140/1702/1390
s 1
f 1158/892/1388 1203/887/1449 1008/880/1189 942/886/1183
s 2
f 1249/1736/1467 1250/1738/1457 1177/1700/1458 1146/1699/1468
f 1248/1735/1469 1249/1737/1467 1146/856/1468 1143/1693/1470
s 1
f 1008/880/1189 1203/887/1449 1181/882/1424 980/873/1221
f 1210/1634/1375 1207/1639/1453 1201/1637/1448 1195/1633/1354
f 1202/897/1441 1205/902/1446 1217/898/1462 1215/893/1450
f 1218/894/1461 1220/889/1463 1215/893/1450 1217/898/1462
s 2
f 1157/1490/1471 1248/1735/1469 1143/1693/1470 1142/1692/1392 1141/1485/1391 1151/1491/1401
f 650/1698/1161 1224/1697/1472 900/1464/1142 913/1469/1148
f 1225/1696/843 644/1461/842 900/1464/1142 1224/1697/1472
f 1243/1730/1105 1244/1731/1097 884/1548/1098 1227/1680/1106
s 1
f 1229/1682/1095 794/1332/1011 800/1326/1017 1228/1681/1102
f 884/1331/1094 1229/1682/1095 1228/1681/1102 1227/1679/1101
f 830/1311/1023 1230/1683/1103 812/1322/1029 824/1320/1032
f 886/1324/1100 1230/1683/1103 830/1311/1023 805/1325/1022
s 2
f 702/1718/904 635/1466/903 643/1460/841 661/1719/858
s 1
f 1056/1415/1330 1036/1412/1208 995/1405/1187 1055/1417/1295
f 953/1577/1194 924/912/1160 920/920/1159
f 978/1583/1218 972/1585/1212 964/1578/1195 953/1577/1194
f 1100/1627/1341 1118/1628/1363 1216/1635/1374 1195/1633/1354
f 1205/902/1446 1208/1640/1451 1217/898/1462
s 20
f 702/1384/1473 826/1380/1474 833/980/1475 705/1385/1476
f 705/1385/1476 833/980/1475 825/1711/1477 772/976/1478 735/974/1479
f 1225/1677/1480 885/1377/1481 1226/1678/1482 642/1382/1483
f 661/1383/1484 887/1378/1485 826/1380/1474 702/1384/1473
f 642/1382/1483 1226/1678/1482 887/1378/1485 661/1383/1484
f 650/1379/1486 864/1374/1487 882/1375/1488 1224/1676/1489
f 1224/1676/1489 882/1375/1488 885/1377/1481 1225/1677/1480
f 1146/1666/1490 613/849/1491 678/1366/1492 1143/1372/1493
f 917/1376/1494 843/1373/1495 864/1374/1487 650/1379/1486
f 614/850/1496 613/849/1491 1146/1666/1490 1177/854/1497 970/852/1498
f 1142/1370/1499 716/1365/1500 737/1691/1501 1140/1369/1502
f 1143/1372/1493 678/1366/1492 716/1365/1500 1142/1370/1499
f 1103/1371/1503 1234/1689/1504 843/1373/1495 917/1376/1494
f 1140/1369/1502 737/1691/1501 1232/1690/1505 1204/1368/1506
s 2
f 737/1367/946 1257/1745/945 1258/1746/1507 1232/1685/1508
s 1
f 730/1271/935 1233/1686/958 728/1283/934
s 20
f 1204/1368/1506 1232/1690/1505 1234/1689/1504 1103/1371/1503
s 2
f 1232/1685/1508 1258/1746/1507 1259/1747/967 1234/1688/966
f 1236/1722/917 1235/1721/905 702/1718/904 705/1716/1509
f 1237/1724/944 1236/1723/917 705/973/1509 735/1714/1510
f 1238/1725/998 1237/1724/944 735/1714/1510 772/1710/1511
f 1239/1726/1092 1238/1725/998 772/1710/1511 825/978/1512
f 1240/1727/1113 1239/1726/1092 825/978/1512 833/1381/1513
f 1241/1728/1109 1240/1727/1113 833/1381/1513 826/1707/1514
f 887/1708/1515 1242/1729/1104 1241/1728/1109 826/1707/1514
f 1226/1694/1516 1243/1730/1105 1242/1729/1104 887/1708/1515
f 885/1695/1517 1244/1731/1097 1243/1730/1105 1226/1694/1516
f 882/1709/1518 1245/1732/1089 1244/1731/1097 885/1695/1517
f 864/1712/1519 1246/1733/1065 1245/1732/1089 882/1709/1518
f 843/1713/969 1247/1734/968 1246/1733/1065 864/1712/1519
f 1157/1490/1471 1160/1665/1520 1249/1737/1467 1248/1735/1469
f 1160/855/1520 1159/853/1521 1250/1738/1457 1249/1736/1467
f 1159/853/1521 998/851/1522 1251/1739/1239 1250/1738/1457
f 998/851/1522 611/847/1523 1252/1740/805 1251/1739/1239
f 611/847/1523 612/1540/1524 1253/1741/806 1252/1740/805
f 612/1540/1524 637/1541/1525 1254/1742/876 1253/1741/806
f 637/1541/1525 680/1542/1526 1255/1743/901 1254/1742/876
f 680/1542/1526 701/1543/1527 1256/1744/914 1255/1743/901
f 701/1543/1527 728/1544/1528 1257/1745/945 1256/1744/914
f 1258/1746/1507 1257/1745/945 728/1544/1528 1233/1687/1529
f 1259/1747/967 1258/1746/1507 1233/1687/1529 813/1545/1066
f 1247/1734/968 1259/1747/967 813/1545/1066
g default
v 73.690336 10.238797 -11.064612
v 71.718305 10.238797 -11.782372
v 71.702447 10.238797 -11.692435
v 73.644673 10.238797 -10.985521
v 64.990770 9.126774 -3.764814
v 66.040066 9.126775 -1.947380
v 65.076588 9.126775 -3.796049
v 66.110025 9.126774 -2.006083
v 64.990770 10.238797 -3.764814
v 66.040066 10.238797 -1.947380
v 66.110025 10.238797 -2.006083
v 65.076589 10.238797 -3.796050
v 73.690336 9.126775 -11.064610
v 75.297950 9.126774 -9.715663
v 75.227991 9.126775 -9.656960
v 73.644673 9.126774 -10.985522
v 75.297950 10.238797 -9.715663
v 75.227991 10.238797 -9.656960
v 67.647681 9.126775 -0.598431
v 67.693343 9.126774 -0.677521
v 67.693343 10.238796 -0.677521
v 67.647680 10.238797 -0.598431
v 76.261428 9.126775 -7.866995
v 76.347245 9.126774 -7.898229
v 76.261428 10.238797 -7.866995
v 76.347245 10.238797 -7.898229
v 69.635570 9.126774 0.029392
v 69.619711 9.126775 0.119330
v 69.635570 10.238796 0.029392
v 69.619711 10.238797 0.119330
v 76.620336 9.126775 -5.831522
v 76.711662 9.126774 -5.831522
v 76.620335 10.238797 -5.831522
v 71.702444 9.126774 0.029392
v 76.711662 10.238797 -5.831522
v 71.718303 9.126775 0.119331
v 76.261426 9.126775 -3.796048
v 76.347245 9.126774 -3.764813
v 71.702444 10.238796 0.029392
v 71.718303 10.238797 0.119331
v 73.644671 9.126774 -0.677520
v 73.690334 9.126775 -0.598430
v 76.261426 10.238797 -3.796048
v 76.347245 10.238797 -3.764813
v 75.227989 9.126775 -2.006082
v 75.297948 9.126774 -1.947379
v 73.644671 10.238796 -0.677520
v 73.690334 10.238797 -0.598430
v 75.227989 10.238797 -2.006082
v 75.297948 10.238797 -1.947379
v 71.702447 9.126774 -11.692435
v 71.718305 9.126775 -11.782372
v 64.717680 10.238797 -5.831523
v 64.626354 10.238797 -5.831523
v 64.717680 9.126775 -5.831524
v 69.635572 10.238796 -11.692436
v 64.626354 9.126774 -5.831523
v 69.619714 10.238797 -11.782374
v 67.693345 10.238796 -10.985524
v 69.635572 9.126775 -11.692435
v 67.693345 9.126774 -10.985524
v 65.076590 10.238797 -7.866997
v 64.990772 10.238797 -7.898232
v 69.619714 9.126775 -11.782374
v 67.647683 10.238797 -11.064614
v 65.076590 9.126775 -7.866997
v 64.990772 9.126774 -7.898233
v 66.110028 10.238797 -9.656962
v 66.040068 10.238797 -9.715665
v 67.647683 9.126775 -11.064614
v 66.110028 9.126775 -9.656963
v 66.040067 9.126774 -9.715665
v 71.710374 10.245320 0.074361
v 71.723966 10.219232 0.151448
v 72.704243 9.126776 -0.239758
v 76.402406 9.682786 -3.744736
v 72.735474 9.126775 -0.153950
v 73.667503 9.120254 -0.637975
v 73.706641 9.146340 -0.570186
v 76.230781 10.219232 -3.807202
v 76.529235 10.238798 -4.798206
v 76.619162 10.238798 -4.782349
v 76.304335 10.245320 -3.780431
v 75.822405 9.126776 -2.856207
v 76.377890 10.219233 -3.753658
v 75.901486 9.126775 -2.810549
v 75.262969 9.120254 -1.976730
v 75.322931 9.146340 -1.926416
v 74.493999 9.126776 -1.273074
v 73.719685 9.682786 -0.547593
v 74.552695 9.126775 -1.203123
v 72.704243 10.238798 -0.239758
v 73.628365 10.219233 -0.705764
v 72.735474 10.238798 -0.153950
v 73.667503 10.245320 -0.637975
v 73.706641 10.219232 -0.570186
v 75.342917 9.682786 -1.909646
v 75.203006 10.219232 -2.027045
v 75.822405 10.238798 -2.856207
v 75.901486 10.238798 -2.810549
v 75.262969 10.245320 -1.976730
v 75.322931 10.219233 -1.926416
v 74.493999 10.238798 -1.273074
v 74.552695 10.238798 -1.203123
v 72.704245 9.126776 -11.423283
v 72.735477 9.126775 -11.509092
v 71.710376 9.120254 -11.737403
v 71.723968 9.146340 -11.814490
v 64.750293 10.219232 -5.831524
v 64.808780 10.238798 -4.798207
v 64.718853 10.238798 -4.782351
v 64.672017 10.245320 -5.831524
v 64.593741 10.219233 -5.831524
v 64.567653 9.682786 -5.831524
v 64.808780 9.126776 -4.798207
v 70.669009 10.238798 -11.782150
v 69.641235 10.219232 -11.660317
v 64.718853 9.126775 -4.782351
v 64.672017 9.120254 -5.831524
v 70.669010 10.238798 -11.873467
v 69.627643 10.245320 -11.737405
v 64.593741 9.146340 -5.831524
v 68.633774 10.238798 -11.423285
v 67.709652 10.219233 -10.957280
v 69.614050 10.219232 -11.814493
v 68.633774 9.126776 -11.423285
v 69.609520 9.682786 -11.840184
v 65.107235 10.219232 -7.855844
v 64.808780 10.238798 -6.864840
v 64.718854 10.238798 -6.880696
v 65.033681 10.245320 -7.882615
v 70.669009 9.126776 -11.782150
v 64.960125 10.219233 -7.909387
v 70.669010 9.126775 -11.873467
v 69.627643 9.120254 -11.737405
v 69.614050 9.146340 -11.814493
v 64.935610 9.682786 -7.918310
v 68.602542 10.238798 -11.509095
v 67.670514 10.245320 -11.025069
v 67.631376 10.219232 -11.092858
v 64.808780 9.126776 -6.864840
v 64.718854 9.126775 -6.880695
v 65.033681 9.120254 -7.882615
v 66.135010 10.219232 -9.636000
v 65.515611 10.238798 -8.806839
v 64.960125 9.146340 -7.909387
v 65.436530 10.238798 -8.852495
v 66.075047 10.245320 -9.686315
v 66.015084 10.219233 -9.736629
v 66.844017 10.238798 -10.389970
v 67.618332 9.682786 -11.115453
v 66.785321 10.238798 -10.459922
v 68.602542 9.126775 -11.509095
v 67.670514 9.120254 -11.025069
v 67.631376 9.146340 -11.092859
v 65.995099 9.682786 -9.753398
v 65.515611 9.126776 -8.806839
v 65.436530 9.126775 -8.852495
v 66.075047 9.120254 -9.686315
v 66.015084 9.146340 -9.736629
v 66.844017 9.126776 -10.389971
v 66.785321 9.126775 -10.459922
v 71.728499 9.682786 -11.840183
v 73.719687 9.682786 -11.115451
v 73.706642 10.219233 -11.092856
v 71.723968 10.219232 -11.814490
v 72.735477 10.238798 -11.509092
v 71.710376 10.245320 -11.737403
v 72.704245 10.238798 -11.423283
v 73.667504 10.245320 -11.025065
v 73.628367 10.219232 -10.957278
v 71.696783 10.219233 -11.660318
v 64.960124 9.146340 -3.753659
v 65.436529 9.126776 -2.810550
v 66.015083 9.146340 -1.926417
v 65.033679 9.120254 -3.780431
v 65.515609 9.126775 -2.856208
v 66.075046 9.120254 -1.976732
v 65.995098 9.682786 -1.909648
v 64.935610 9.682786 -3.744737
v 64.960124 10.219233 -3.753659
v 66.015083 10.219232 -1.926417
v 65.436529 10.238798 -2.810550
v 66.075046 10.245320 -1.976732
v 65.515609 10.238798 -2.856208
v 65.033679 10.245320 -3.780431
v 65.107234 10.219232 -3.807203
v 66.135009 10.219233 -2.027047
v 74.552697 9.126775 -10.459919
v 75.262970 9.120254 -9.686311
v 74.494001 9.126775 -10.389967
v 73.667504 9.120254 -11.025065
v 75.322933 9.146340 -9.736625
v 73.706642 9.146340 -11.092856
v 75.342918 9.682786 -9.753395
v 75.322933 10.219233 -9.736625
v 74.552697 10.238798 -10.459919
v 75.203008 10.219232 -9.635996
v 74.494001 10.238798 -10.389967
v 75.262970 10.245320 -9.686311
v 66.785319 9.126775 -1.203124
v 66.844015 9.126775 -1.273075
v 67.670512 9.120254 -0.637976
v 67.631374 9.146340 -0.570187
v 67.618329 9.682786 -0.547594
v 66.844015 10.238798 -1.273075
v 67.709650 10.219233 -0.705765
v 67.631374 10.219232 -0.570187
v 66.785319 10.238798 -1.203124
v 67.670512 10.245320 -0.637976
v 75.822406 9.126776 -8.806835
v 75.901487 9.126775 -8.852494
v 76.304337 9.120254 -7.882612
v 76.377891 9.146340 -7.909384
v 76.402406 9.682786 -7.918306
v 76.230782 10.219232 -7.855840
v 75.822406 10.238798 -8.806835
v 75.901487 10.238798 -8.852494
v 76.304337 10.245320 -7.882612
v 76.377891 10.219233 -7.909384
v 68.633771 9.126776 -0.239758
v 68.602540 9.126775 -0.153951
v 69.627640 9.120254 0.074361
v 69.614048 9.146340 0.151448
v 69.609518 9.682786 0.177140
v 68.633771 10.238798 -0.239758
v 69.641233 10.219233 -0.002726
v 68.602540 10.238798 -0.153951
v 69.627640 10.245320 0.074361
v 69.614048 10.219232 0.151448
v 76.529235 9.126776 -6.864837
v 76.619163 9.126775 -6.880694
v 76.665998 9.120254 -5.831522
v 76.744274 9.146340 -5.831523
v 76.770363 9.682786 -5.831523
v 76.587723 10.219232 -5.831522
v 76.529235 10.238798 -6.864837
v 70.669007 9.126776 0.119109
v 76.619163 10.238798 -6.880694
v 76.665998 10.245320 -5.831522
v 70.669007 9.126775 0.210424
v 71.710374 9.120254 0.074361
v 76.744274 10.219233 -5.831523
v 71.723966 9.146340 0.151448
v 71.728496 9.682786 0.177140
v 76.529235 9.126776 -4.798206
v 76.619162 9.126775 -4.782349
v 76.304335 9.120254 -3.780431
v 70.669007 10.238798 0.119109
v 71.696781 10.219233 -0.002725
v 76.377890 9.146340 -3.753658
v 70.669007 10.238798 0.210424
v 72.755551 9.682786 -11.564247
v 72.746630 10.219232 -11.539734
v 72.719861 10.245318 -11.466188
v 72.693092 10.219232 -11.392641
v 65.408288 9.146340 -2.794246
v 65.476069 9.120254 -2.833379
v 65.385698 9.682786 -2.781203
v 65.408288 10.219232 -2.794246
v 65.476069 10.245318 -2.833379
v 65.543850 10.219232 -2.872513
v 74.523349 9.120254 -10.424943
v 74.573657 9.146340 -10.484899
v 74.590425 9.682786 -10.504881
v 74.573658 10.219232 -10.484899
v 74.473040 10.219232 -10.364987
v 74.523349 10.245318 -10.424943
v 66.814667 9.120254 -1.238100
v 66.764359 9.146340 -1.178144
v 66.747591 9.682786 -1.158161
v 66.864976 10.219232 -1.298055
v 66.764359 10.219232 -1.178144
v 66.814667 10.245318 -1.238100
v 75.861946 9.120254 -8.829664
v 75.929728 9.146340 -8.868798
v 75.952318 9.682786 -8.881840
v 75.794166 10.219232 -8.790531
v 75.861946 10.245318 -8.829664
v 75.929728 10.219232 -8.868798
v 68.618156 9.120254 -0.196855
v 68.591387 9.146340 -0.123308
v 68.582465 9.682786 -0.098796
v 68.644924 10.219232 -0.270401
v 68.618156 10.245318 -0.196855
v 68.591387 10.219232 -0.123308
v 76.574199 9.120254 -6.872766
v 76.651277 9.146340 -6.886357
v 76.676965 9.682786 -6.890886
v 76.497122 10.219232 -6.859174
v 76.574199 10.245318 -6.872766
v 70.669007 9.120254 0.164766
v 76.651277 10.219232 -6.886357
v 70.669007 9.146340 0.243033
v 70.669007 9.682786 0.269118
v 76.574199 9.120254 -4.790278
v 70.669007 10.219232 0.086500
v 76.651276 9.146340 -4.776687
v 70.669007 10.245318 0.164766
v 70.669007 10.219232 0.243033
v 76.676965 9.682786 -4.772157
v 72.719859 9.120254 -0.196854
v 72.746627 9.146340 -0.123307
v 76.497121 10.219232 -4.803868
v 76.574199 10.245318 -4.790278
v 76.651276 10.219232 -4.776687
v 75.861945 9.120254 -2.833378
v 75.929726 9.146340 -2.794244
v 72.755549 9.682786 -0.098795
v 74.523347 9.120254 -1.238098
v 74.573656 9.146340 -1.178143
v 72.693090 10.219232 -0.270401
v 72.719859 10.245318 -0.196854
v 72.746627 10.219232 -0.123307
v 75.952317 9.682786 -2.781202
v 74.590423 9.682786 -1.158160
v 75.794165 10.219232 -2.872511
v 75.861945 10.245318 -2.833378
v 75.929726 10.219232 -2.794245
v 74.473038 10.219232 -1.298054
v 74.523347 10.245318 -1.238098
v 74.573656 10.219232 -1.178143
v 72.719861 9.120254 -11.466187
v 72.746630 9.146340 -11.539734
v 64.840894 10.219232 -4.803870
v 64.763816 10.245318 -4.790279
v 64.686739 10.219232 -4.776688
v 64.661050 9.682786 -4.772158
v 70.669009 10.219232 -11.749543
v 64.763817 9.120254 -4.790279
v 70.669010 10.245318 -11.827809
v 64.686739 9.146340 -4.776688
v 68.644927 10.219232 -11.392643
v 70.669010 10.219232 -11.906077
v 70.669009 9.682786 -11.932162
v 64.840895 10.219232 -6.859177
v 64.763817 10.245318 -6.872768
v 64.686739 10.219232 -6.886359
v 70.669010 9.120254 -11.827810
v 70.669010 9.146340 -11.906077
v 64.661051 9.682786 -6.890889
v 68.618158 10.245318 -11.466190
v 68.591389 10.219232 -11.539738
v 64.763817 9.120254 -6.872768
v 65.543852 10.219232 -8.790534
v 64.686740 9.146340 -6.886359
v 65.476071 10.245318 -8.829668
v 65.408290 10.219232 -8.868800
v 66.864978 10.219232 -10.364990
v 68.582467 9.682786 -11.564249
v 66.814669 10.245318 -10.424945
v 66.764360 10.219232 -10.484902
v 68.618158 9.120254 -11.466189
v 68.591389 9.146340 -11.539737
v 65.385699 9.682786 -8.881844
v 66.747593 9.682786 -10.504884
v 65.476071 9.120254 -8.829667
v 65.408290 9.146340 -8.868801
v 66.814669 9.120254 -10.424945
v 66.764360 9.146340 -10.484902
vt 0.988579 0.209056
vt 0.988579 0.177383
vt 0.989971 0.177383
vt 0.989971 0.209056
vt 0.967133 0.565623
vt 0.996794 0.557613
vt 0.967133 0.533501
vt 0.996794 0.525934
vt 0.995410 0.557612
vt 0.988579 0.557467
vt 0.988579 0.525794
vt 0.989971 0.525794
vt 0.989971 0.557467
vt 0.996795 0.209146
vt 0.967133 0.212070
vt 0.996797 0.240825
vt 0.967133 0.244211
vt 0.995404 0.240828
vt 0.988579 0.240730
vt 0.989971 0.240730
vt 0.996793 0.494255
vt 0.967133 0.501342
vt 0.989971 0.494120
vt 0.988579 0.494120
vt 0.995404 0.272506
vt 0.996797 0.272506
vt 0.967133 0.276353
vt 0.989971 0.272404
vt 0.988579 0.272404
vt 0.996794 0.462577
vt 0.967133 0.469201
vt 0.989971 0.462446
vt 0.988579 0.462446
vt 0.995404 0.304182
vt 0.996796 0.304183
vt 0.967133 0.308494
vt 0.989971 0.304078
vt 0.988579 0.304078
vt 0.996795 0.430899
vt 0.967133 0.437059
vt 0.995403 0.335860
vt 0.996796 0.335862
vt 0.967133 0.340635
vt 0.989971 0.430773
vt 0.988579 0.430773
vt 0.996795 0.399222
vt 0.967133 0.404918
vt 0.989971 0.335752
vt 0.988579 0.335752
vt 0.995406 0.367538
vt 0.996797 0.367543
vt 0.967133 0.372777
vt 0.989971 0.399099
vt 0.988579 0.399099
vt 0.989971 0.367426
vt 0.988579 0.367426
vt 0.996795 0.177467
vt 0.967133 0.179929
vt 0.989971 0.019015
vt 0.988579 0.019015
vt 0.995408 0.019077
vt 0.989971 0.145709
vt 0.996793 0.019077
vt 0.967133 0.019221
vt 0.988579 0.145709
vt 0.989971 0.114036
vt 0.995406 0.145793
vt 0.989971 0.050689
vt 0.988579 0.050689
vt 0.996794 0.145787
vt 0.967133 0.147787
vt 0.988579 0.114036
vt 0.995407 0.050756
vt 0.996792 0.050754
vt 0.967133 0.051346
vt 0.989971 0.082362
vt 0.988579 0.082362
vt 0.996794 0.114111
vt 0.967133 0.115646
vt 0.995405 0.082436
vt 0.996791 0.082433
vt 0.967133 0.083505
vt 0.975848 0.195999
vt 0.983992 0.195999
vt 0.989272 0.193220
vt 0.990550 0.193220
vt 0.967709 0.549564
vt 0.996103 0.541771
vt 0.975848 0.549564
vt 0.983992 0.549564
vt 0.989272 0.541630
vt 0.990550 0.541630
vt 0.996102 0.224987
vt 0.967709 0.228140
vt 0.975848 0.228141
vt 0.983992 0.228141
vt 0.990550 0.224889
vt 0.989272 0.224889
vt 0.996103 0.510093
vt 0.967709 0.517415
vt 0.975848 0.517414
vt 0.990550 0.509957
vt 0.983992 0.517414
vt 0.989272 0.509957
vt 0.996102 0.256665
vt 0.967709 0.260282
vt 0.975848 0.260282
vt 0.990550 0.256568
vt 0.989272 0.256568
vt 0.983992 0.260282
vt 0.996103 0.478416
vt 0.967709 0.485272
vt 0.975848 0.485272
vt 0.990550 0.478283
vt 0.989272 0.478283
vt 0.983993 0.485272
vt 0.996103 0.288345
vt 0.967709 0.292423
vt 0.975848 0.292423
vt 0.990550 0.288241
vt 0.989272 0.288241
vt 0.996104 0.446736
vt 0.988008 0.288241
vt 0.967709 0.453130
vt 0.975848 0.453130
vt 0.996103 0.320022
vt 0.990550 0.446610
vt 0.967709 0.324565
vt 0.989272 0.446610
vt 0.983993 0.453130
vt 0.975848 0.324565
vt 0.996103 0.415058
vt 0.967709 0.420989
vt 0.990550 0.319919
vt 0.989272 0.319919
vt 0.983992 0.324565
vt 0.996102 0.351700
vt 0.967709 0.356706
vt 0.975848 0.420989
vt 0.996101 0.383381
vt 0.967709 0.388847
vt 0.990550 0.414936
vt 0.989272 0.414936
vt 0.983992 0.420989
vt 0.975848 0.356706
vt 0.975848 0.388847
vt 0.990550 0.351589
vt 0.989272 0.351589
vt 0.983992 0.356706
vt 0.990550 0.383262
vt 0.989272 0.383262
vt 0.983993 0.388847
vt 0.996103 0.193309
vt 0.967709 0.195999
vt 0.990550 0.573304
vt 0.989272 0.573304
vt 0.983992 0.581655
vt 0.975848 0.581726
vt 0.990550 0.161546
vt 0.996103 0.003238
vt 0.989272 0.161546
vt 0.967665 0.581664
vt 0.990550 0.129872
vt 0.983992 0.163858
vt 0.975848 0.163858
vt 0.990550 0.034852
vt 0.989272 0.034852
vt 0.983992 0.035282
vt 0.996101 0.161631
vt 0.967710 0.163858
vt 0.975848 0.035282
vt 0.989272 0.129872
vt 0.983992 0.131717
vt 0.996103 0.034917
vt 0.990550 0.066525
vt 0.967709 0.035282
vt 0.989272 0.066525
vt 0.983992 0.067432
vt 0.990550 0.098199
vt 0.975848 0.131717
vt 0.989272 0.098199
vt 0.983992 0.099575
vt 0.996103 0.129952
vt 0.967709 0.131717
vt 0.975848 0.067432
vt 0.975848 0.099575
vt 0.996103 0.066595
vt 0.967709 0.067432
vt 0.996102 0.098273
vt 0.967709 0.099575
vt 0.975848 0.179929
vt 0.975848 0.212070
vt 0.988008 0.209056
vt 0.983992 0.179929
vt 0.988579 0.193220
vt 0.989272 0.177383
vt 0.989971 0.193220
vt 0.989272 0.209056
vt 0.990550 0.209056
vt 0.990550 0.177383
vt 0.967709 0.565623
vt 0.967133 0.549564
vt 0.996826 0.541769
vt 0.967709 0.533501
vt 0.996102 0.557611
vt 0.996104 0.525933
vt 0.975848 0.533501
vt 0.975848 0.565623
vt 0.988008 0.557467
vt 0.983992 0.533501
vt 0.988579 0.541630
vt 0.989272 0.525794
vt 0.989971 0.541630
vt 0.989272 0.557467
vt 0.990550 0.557467
vt 0.990550 0.525794
vt 0.996796 0.224985
vt 0.967133 0.228141
vt 0.996103 0.240827
vt 0.996102 0.209149
vt 0.967709 0.244211
vt 0.967709 0.212070
vt 0.975848 0.244211
vt 0.988008 0.240730
vt 0.988579 0.224889
vt 0.990550 0.240730
vt 0.989971 0.224889
vt 0.989272 0.240730
vt 0.996793 0.510094
vt 0.967133 0.517414
vt 0.996103 0.494254
vt 0.967709 0.501342
vt 0.975848 0.501342
vt 0.989971 0.509957
vt 0.990550 0.494120
vt 0.983993 0.501342
vt 0.988579 0.509957
vt 0.989272 0.494120
vt 0.995403 0.256667
vt 0.996795 0.256665
vt 0.967133 0.260282
vt 0.996103 0.272506
vt 0.967709 0.276352
vt 0.975848 0.276353
vt 0.990550 0.272404
vt 0.989971 0.256568
vt 0.988579 0.256568
vt 0.989272 0.272404
vt 0.988008 0.272404
vt 0.995406 0.478415
vt 0.996793 0.478417
vt 0.967133 0.485272
vt 0.996104 0.462575
vt 0.967709 0.469201
vt 0.975848 0.469201
vt 0.989971 0.478283
vt 0.990550 0.462446
vt 0.988579 0.478283
vt 0.989272 0.462446
vt 0.983993 0.469201
vt 0.995404 0.288345
vt 0.996797 0.288345
vt 0.967133 0.292423
vt 0.996102 0.304183
vt 0.967709 0.308494
vt 0.975848 0.308494
vt 0.990550 0.304078
vt 0.989971 0.288241
vt 0.995407 0.446734
vt 0.988579 0.288241
vt 0.989272 0.304078
vt 0.996794 0.446738
vt 0.967133 0.453130
vt 0.996104 0.430898
vt 0.988008 0.304078
vt 0.967709 0.437059
vt 0.975848 0.437059
vt 0.995404 0.320022
vt 0.996797 0.320024
vt 0.967133 0.324565
vt 0.996102 0.335862
vt 0.989971 0.446610
vt 0.990550 0.430773
vt 0.967709 0.340635
vt 0.988579 0.446610
vt 0.989272 0.430773
vt 0.983993 0.437059
vt 0.995405 0.415056
vt 0.975848 0.340635
vt 0.996795 0.415061
vt 0.967133 0.420989
vt 0.996103 0.399219
vt 0.967709 0.404918
vt 0.990550 0.335752
vt 0.989971 0.319919
vt 0.988579 0.319919
vt 0.989272 0.335752
vt 0.995403 0.351699
vt 0.988008 0.335752
vt 0.996796 0.351701
vt 0.967133 0.356706
vt 0.996104 0.367540
vt 0.967709 0.372777
vt 0.995404 0.383378
vt 0.975848 0.404918
vt 0.996795 0.383382
vt 0.967133 0.388847
vt 0.989971 0.414936
vt 0.990550 0.399099
vt 0.988579 0.414936
vt 0.989272 0.399099
vt 0.983993 0.404918
vt 0.975848 0.372777
vt 0.990550 0.367426
vt 0.989971 0.351589
vt 0.988579 0.351589
vt 0.989272 0.367426
vt 0.988008 0.367426
vt 0.989971 0.383262
vt 0.988579 0.383262
vt 0.995405 0.193311
vt 0.996795 0.193308
vt 0.967133 0.195999
vt 0.996102 0.177470
vt 0.967709 0.179929
vt 0.990550 0.019015
vt 0.989971 0.003179
vt 0.988579 0.003179
vt 0.989272 0.019015
vt 0.988008 0.019015
vt 0.975848 0.019221
vt 0.995403 0.003297
vt 0.989971 0.161546
vt 0.990550 0.145709
vt 0.996797 0.573511
vt 0.967134 0.581614
vt 0.996102 0.019078
vt 0.988579 0.161546
vt 0.989272 0.145709
vt 0.967709 0.019221
vt 0.989971 0.129872
vt 0.990550 0.114036
vt 0.983992 0.147787
vt 0.995407 0.129953
vt 0.975848 0.147787
vt 0.990550 0.050689
vt 0.989971 0.034852
vt 0.988579 0.034852
vt 0.989272 0.050689
vt 0.995404 0.161633
vt 0.988008 0.050689
vt 0.996795 0.161628
vt 0.967132 0.163858
vt 0.996104 0.145790
vt 0.967709 0.147787
vt 0.975848 0.051346
vt 0.988579 0.129872
vt 0.989272 0.114036
vt 0.983992 0.115646
vt 0.995376 0.034907
vt 0.996826 0.034919
vt 0.967133 0.035282
vt 0.996103 0.050755
vt 0.990550 0.082362
vt 0.989971 0.066525
vt 0.967709 0.051346
vt 0.988579 0.066525
vt 0.989272 0.082362
vt 0.988008 0.082362
vt 0.989971 0.098199
vt 0.975848 0.115646
vt 0.988579 0.098199
vt 0.996794 0.129949
vt 0.967133 0.131716
vt 0.996102 0.114113
vt 0.967709 0.115646
vt 0.975848 0.083505
vt 0.995409 0.066596
vt 0.996794 0.066593
vt 0.967132 0.067433
vt 0.996101 0.082435
vt 0.967709 0.083504
vt 0.995405 0.098275
vt 0.996793 0.098270
vt 0.967133 0.099575
vt 0.995407 0.114115
vt 0.995405 0.177471
vt 0.995405 0.209150
vt 0.995405 0.399218
vt 0.995406 0.430896
vt 0.995407 0.462574
vt 0.995407 0.494252
vt 0.995407 0.510092
vt 0.995408 0.525932
vt 0.995404 0.224988
vt 0.995376 0.541781
vt 0.983992 0.083504
vt 0.988008 0.098199
vt 0.988008 0.114036
vt 0.983992 0.051346
vt 0.988008 0.066525
vt 0.988008 0.129872
vt 0.988008 0.145709
vt 0.983992 0.019221
vt 0.988008 0.034852
vt 0.988008 0.161546
vt 0.988008 0.177383
vt 0.983993 0.565623
vt 0.988008 0.003179
vt 0.983992 0.372777
vt 0.988008 0.383262
vt 0.988008 0.399099
vt 0.983992 0.340635
vt 0.988008 0.351589
vt 0.988008 0.414936
vt 0.988008 0.430773
vt 0.983992 0.308494
vt 0.988008 0.319919
vt 0.988008 0.446610
vt 0.988008 0.462446
vt 0.983993 0.292423
vt 0.983992 0.276353
vt 0.988008 0.478283
vt 0.988008 0.494120
vt 0.983992 0.244211
vt 0.988008 0.256568
vt 0.988008 0.509957
vt 0.988008 0.525794
vt 0.983992 0.212070
vt 0.988008 0.224889
vt 0.988008 0.541630
vt 0.988008 0.193220
vt 0.996797 0.003178
vt 0.967133 0.003179
vt 0.967709 0.003179
vt 0.995405 0.573391
vt 0.996103 0.573451
vt 0.975848 0.003179
vt 0.983993 0.003179
vt 0.988008 0.573304
vt 0.988579 0.573304
vt 0.989971 0.573304
vt 0.989272 0.003179
vt 0.990550 0.003179
vn 0.342020 0.000000 -0.939693
vn 0.500000 0.000000 -0.866025
vn 0.497392 -0.102008 -0.861508
vn 0.340235 -0.102038 -0.934788
vn 0.173648 -0.000000 -0.984808
vn 0.172743 -0.102007 -0.979671
vn 0.172742 0.102007 -0.979671
vn 0.340235 0.102037 -0.934788
vn 0.497392 0.102007 -0.861508
vn 0.163331 0.945141 -0.282900
vn 0.111686 0.945178 -0.306864
vn 0.056726 0.945138 -0.321710
vn 0.002852 0.999965 -0.007833
vn 0.004228 0.999964 -0.007329
vn 0.001469 0.999964 -0.008329
vn -0.053104 0.952091 0.301170
vn -0.104656 0.952032 0.287545
vn -0.152908 0.952090 0.264847
vn -0.257218 0.857522 0.445529
vn -0.175962 0.857498 0.483461
vn -0.089330 0.857518 0.506639
vn -0.934791 -0.102005 0.340236
vn -0.861506 -0.102035 0.497390
vn -0.866025 0.000000 0.500000
vn -0.939693 0.000000 0.342020
vn -0.306958 -0.945143 0.111724
vn -0.282792 -0.945184 0.163268
vn -0.250235 -0.945143 0.209968
vn -0.762049 -0.102005 0.639435
vn -0.766044 0.000000 0.642788
vn -0.007224 -0.999965 0.004171
vn -0.006484 -0.999964 0.005443
vn -0.007941 -0.999964 0.002888
vn 0.132862 -0.989954 -0.048357
vn 0.122452 -0.989953 -0.070695
vn 0.108299 -0.989957 -0.090869
vn -0.762048 0.102005 0.639435
vn -0.861506 0.102035 0.497390
vn -0.934791 0.102005 0.340236
vn -0.306964 0.945141 0.111722
vn -0.282798 0.945182 0.163270
vn -0.250242 0.945139 0.209981
vn -0.007220 0.999965 0.004170
vn -0.007947 0.999964 0.002894
vn -0.006478 0.999964 0.005437
vn 0.234265 0.952092 -0.196573
vn 0.264998 0.952034 -0.152994
vn 0.287372 0.952091 -0.104595
vn 0.483418 0.857523 -0.175960
vn 0.445553 0.857501 -0.257244
vn 0.394074 0.857530 -0.330678
vn 0.163329 -0.945145 -0.282887
vn 0.209897 -0.945183 -0.250147
vn 0.005359 -0.999965 -0.006385
vn 0.004230 -0.999964 -0.007321
vn 0.250235 -0.945142 -0.209972
vn 0.006472 -0.999964 -0.005427
vn -0.108310 -0.989955 0.090875
vn -0.090887 -0.989954 0.108304
vn -0.070690 -0.989955 0.122440
vn 0.762048 -0.102005 -0.639436
vn 0.639433 -0.102036 -0.762046
vn 0.642788 0.000000 -0.766044
vn 0.766044 0.000000 -0.642788
vn 0.639433 0.102036 -0.762046
vn 0.762048 0.102005 -0.639435
vn 0.250239 0.945139 -0.209984
vn 0.209900 0.945180 -0.250153
vn -0.394079 0.857527 0.330679
vn -0.234267 0.952091 0.196575
vn -0.196690 0.952032 0.234411
vn -0.330699 0.857495 0.394132
vn 0.005359 0.999965 -0.006391
vn 0.006478 0.999964 -0.005438
vn -0.163329 -0.945143 0.282892
vn -0.209896 -0.945183 0.250146
vn -0.005362 -0.999965 0.006394
vn -0.004230 -0.999964 0.007325
vn 0.090883 -0.989955 -0.108303
vn 0.070689 -0.989956 -0.122437
vn -0.639433 -0.102035 0.762046
vn -0.642788 -0.000000 0.766044
vn -0.497392 -0.102006 0.861508
vn -0.500000 -0.000000 0.866025
vn -0.497392 0.102006 0.861508
vn -0.639433 0.102035 0.762046
vn 0.196687 0.952034 -0.234405
vn 0.330692 0.857501 -0.394125
vn 0.152905 0.952092 -0.264840
vn 0.257206 0.857531 -0.445518
vn -0.209903 0.945179 0.250156
vn -0.163334 0.945137 0.282909
vn -0.005358 0.999965 0.006391
vn -0.004226 0.999964 0.007328
vn 0.282792 -0.945184 -0.163269
vn 0.007211 -0.999965 -0.004156
vn 0.306960 -0.945142 -0.111725
vn 0.007936 -0.999964 -0.002883
vn -0.132867 -0.989953 0.048362
vn -0.122465 -0.989951 0.070704
vn 0.934791 -0.102004 -0.340236
vn 0.861505 -0.102034 -0.497391
vn 0.866026 0.000000 -0.500000
vn 0.939693 0.000000 -0.342020
vn 0.861505 0.102034 -0.497391
vn 0.934791 0.102005 -0.340236
vn -0.483416 0.857525 0.175956
vn -0.287374 0.952090 0.104597
vn -0.265001 0.952033 0.152999
vn -0.445554 0.857499 0.257248
vn 0.306964 0.945140 -0.111729
vn 0.282797 0.945180 -0.163279
vn 0.007221 0.999965 -0.004170
vn 0.007947 0.999964 -0.002893
vn -0.056724 -0.945142 0.321698
vn -0.111684 -0.945183 0.306847
vn -0.002851 -0.999965 0.007826
vn -0.001468 -0.999964 0.008315
vn 0.048362 -0.989951 -0.132886
vn 0.024551 -0.989953 -0.139248
vn -0.340235 -0.102036 0.934788
vn -0.342020 -0.000000 0.939692
vn -0.172742 -0.102006 0.979671
vn -0.173648 -0.000000 0.984808
vn -0.172742 0.102006 0.979671
vn -0.340235 0.102036 0.934788
vn 0.104655 0.952034 -0.287539
vn 0.175955 0.857507 -0.483448
vn 0.053104 0.952092 -0.301165
vn 0.089328 0.857535 -0.506611
vn -0.111687 0.945178 0.306864
vn -0.002850 0.999965 0.007828
vn -0.056725 0.945137 0.321711
vn -0.001468 0.999964 0.008325
vn 0.321582 -0.945183 -0.056703
vn 0.008200 -0.999965 -0.001444
vn 0.326659 -0.945142 0.000001
vn 0.008446 -0.999964 -0.000000
vn -0.141394 -0.989953 -0.000000
vn -0.139261 -0.989951 0.024556
vn 0.979668 -0.102034 -0.172742
vn 0.984808 0.000000 -0.173648
vn 0.994784 -0.102004 0.000000
vn 1.000000 0.000000 0.000000
vn 0.979668 0.102035 -0.172742
vn 0.994784 0.102004 0.000000
vn -0.506672 0.857498 0.089342
vn -0.301348 0.952033 0.053136
vn -0.514444 0.857524 -0.000000
vn -0.305817 0.952090 -0.000000
vn 0.326663 0.945141 0.000001
vn 0.321585 0.945181 -0.056705
vn 0.008211 0.999965 -0.001447
vn 0.008457 0.999964 0.000000
vn 0.056723 -0.945139 0.321707
vn -0.000000 -0.945182 0.326545
vn 0.000000 -0.999965 0.008337
vn 0.001468 -0.999964 0.008335
vn 0.000000 -0.989952 -0.141407
vn -0.024551 -0.989954 -0.139244
vn -0.000000 -0.102036 0.994781
vn -0.000000 -0.000000 1.000000
vn 0.172742 -0.102006 0.979671
vn 0.173648 -0.000000 0.984808
vn 0.172742 0.102005 0.979671
vn -0.000000 0.102035 0.994781
vn 0.321582 -0.945182 0.056704
vn 0.008200 -0.999965 0.001444
vn 0.306961 -0.945141 0.111726
vn 0.007936 -0.999964 0.002887
vn -0.132866 -0.989953 -0.048360
vn -0.139261 -0.989951 -0.024557
vn 0.000000 0.952033 -0.305994
vn 0.000000 0.857501 -0.514483
vn -0.053103 0.952091 -0.301168
vn -0.089327 0.857529 -0.506620
vn 0.934791 -0.102006 0.340237
vn 0.979668 -0.102035 0.172742
vn 0.984808 0.000000 0.173648
vn 0.939693 -0.000000 0.342020
vn -0.000000 0.945181 0.326548
vn -0.000000 0.999965 0.008335
vn 0.056725 0.945141 0.321700
vn 0.001468 0.999964 0.008315
vn 0.979668 0.102035 0.172742
vn 0.934791 0.102006 0.340236
vn 0.163329 -0.945142 0.282898
vn 0.111683 -0.945181 0.306854
vn 0.002851 -0.999965 0.007829
vn 0.004228 -0.999964 0.007319
vn -0.048362 -0.989951 -0.132883
vn -0.070692 -0.989954 -0.122449
vn 0.340235 -0.102036 0.934788
vn 0.342020 -0.000000 0.939693
vn 0.497392 -0.102006 0.861508
vn 0.500000 -0.000000 0.866025
vn -0.483427 0.857519 -0.175954
vn -0.287375 0.952090 -0.104593
vn -0.301348 0.952033 -0.053136
vn -0.506672 0.857497 -0.089342
vn 0.306964 0.945141 0.111723
vn 0.321587 0.945181 0.056707
vn 0.008211 0.999965 0.001447
vn 0.007947 0.999964 0.002890
vn 0.282793 -0.945183 0.163272
vn 0.007211 -0.999965 0.004161
vn 0.250234 -0.945143 0.209972
vn 0.006470 -0.999964 0.005421
vn -0.108313 -0.989953 -0.090895
vn -0.122464 -0.989951 -0.070707
vn 0.762048 -0.102006 0.639435
vn 0.861505 -0.102036 0.497391
vn 0.866025 -0.000000 0.500000
vn 0.766045 0.000000 0.642787
vn 0.497392 0.102006 0.861508
vn 0.340235 0.102035 0.934788
vn 0.209896 -0.945182 0.250149
vn 0.005355 -0.999965 0.006378
vn -0.090893 -0.989951 -0.108329
vn 0.639432 -0.102036 0.762047
vn 0.642788 -0.000000 0.766044
vn -0.104655 0.952033 -0.287542
vn -0.175955 0.857507 -0.483448
vn -0.152905 0.952092 -0.264843
vn -0.257208 0.857535 -0.445509
vn 0.111687 0.945180 0.306857
vn 0.002850 0.999965 0.007824
vn 0.163334 0.945141 0.282898
vn 0.004226 0.999964 0.007317
vn 0.861505 0.102036 0.497391
vn 0.762048 0.102006 0.639435
vn 0.639432 0.102036 0.762046
vn -0.394082 0.857526 -0.330677
vn -0.234268 0.952091 -0.196572
vn -0.265001 0.952033 -0.152993
vn -0.445564 0.857494 -0.257247
vn 0.250238 0.945140 0.209980
vn 0.282796 0.945182 0.163271
vn 0.007221 0.999965 0.004169
vn 0.006478 0.999964 0.005436
vn -0.196689 0.952035 -0.234401
vn -0.330697 0.857507 -0.394108
vn 0.209901 0.945181 0.250150
vn 0.005358 0.999965 0.006382
vn 0.056724 -0.945143 -0.321695
vn 0.111684 -0.945185 -0.306841
vn 0.002851 -0.999965 -0.007828
vn 0.001468 -0.999964 -0.008320
vn -0.048362 -0.989951 0.132881
vn -0.024551 -0.989954 0.139244
vn 0.514439 0.857527 0.000000
vn 0.305816 0.952091 0.000000
vn 0.301346 0.952033 -0.053135
vn 0.506669 0.857499 -0.089345
vn -0.326663 0.945141 0.000000
vn -0.321586 0.945181 0.056706
vn -0.008211 0.999965 0.001449
vn -0.008457 0.999964 0.000000
vn -0.994784 0.102005 -0.000000
vn -0.979668 0.102035 0.172742
vn -1.000000 0.000000 -0.000000
vn -0.984808 0.000000 0.173648
vn -0.994784 -0.102006 -0.000000
vn -0.979668 -0.102035 0.172742
vn -0.000000 0.952032 0.306000
vn -0.000001 0.857489 0.514502
vn 0.053103 0.952089 0.301176
vn 0.089329 0.857530 0.506618
vn -0.321582 -0.945183 0.056703
vn -0.008200 -0.999965 0.001444
vn -0.326659 -0.945142 0.000001
vn -0.008446 -0.999964 -0.000000
vn 0.141394 -0.989953 -0.000001
vn 0.139262 -0.989951 -0.024557
vn 0.000000 0.945181 -0.326547
vn 0.000000 0.999965 -0.008337
vn -0.056725 0.945139 -0.321706
vn -0.001468 0.999964 -0.008316
vn 0.175957 0.857511 0.483439
vn 0.104655 0.952034 0.287538
vn 0.257209 0.857538 0.445503
vn 0.152905 0.952091 0.264845
vn 0.000001 0.102036 -0.994781
vn 0.000001 -0.000000 -1.000000
vn -0.172741 0.102005 -0.979671
vn -0.173647 -0.000000 -0.984808
vn 0.000001 -0.102036 -0.994781
vn -0.172742 -0.102006 -0.979671
vn 0.483413 0.857526 0.175956
vn 0.287373 0.952091 0.104596
vn 0.301347 0.952033 0.053136
vn 0.506661 0.857504 0.089340
vn -0.306964 0.945141 -0.111722
vn -0.321584 0.945181 -0.056706
vn -0.008211 0.999965 -0.001448
vn -0.007947 0.999964 -0.002892
vn -0.934791 0.102005 -0.340236
vn -0.979668 0.102035 -0.172742
vn -0.939693 -0.000000 -0.342020
vn -0.984808 -0.000000 -0.173648
vn -0.056723 -0.945143 -0.321694
vn 0.000000 -0.945183 -0.326540
vn 0.000000 -0.999965 -0.008333
vn -0.001468 -0.999964 -0.008323
vn 0.000000 -0.989952 0.141405
vn 0.024552 -0.989954 0.139239
vn -0.934791 -0.102006 -0.340236
vn -0.979668 -0.102035 -0.172742
vn -0.111686 0.945180 -0.306857
vn -0.002850 0.999965 -0.007819
vn -0.163333 0.945141 -0.282898
vn -0.004226 0.999964 -0.007309
vn -0.340234 0.102035 -0.934789
vn -0.342020 -0.000000 -0.939693
vn -0.497392 0.102007 -0.861508
vn -0.500000 0.000000 -0.866025
vn -0.321581 -0.945183 -0.056702
vn -0.008200 -0.999965 -0.001446
vn -0.306959 -0.945143 -0.111722
vn -0.007936 -0.999964 -0.002887
vn 0.132867 -0.989953 0.048358
vn 0.139263 -0.989951 0.024555
vn 0.394084 0.857520 0.330692
vn 0.234267 0.952092 0.196572
vn 0.264999 0.952034 0.152997
vn 0.445558 0.857495 0.257256
vn -0.250239 0.945140 -0.209981
vn -0.282798 0.945181 -0.163271
vn -0.007220 0.999965 -0.004170
vn -0.006478 0.999964 -0.005440
vn -0.762048 0.102007 -0.639435
vn -0.861505 0.102036 -0.497390
vn -0.766045 0.000000 -0.642787
vn -0.866025 0.000000 -0.500000
vn 0.196689 0.952033 0.234406
vn 0.330699 0.857502 0.394117
vn -0.340235 -0.102036 -0.934788
vn -0.497392 -0.102007 -0.861508
vn -0.209900 0.945181 -0.250151
vn -0.005358 0.999965 -0.006381
vn -0.639433 0.102037 -0.762046
vn -0.642788 0.000000 -0.766044
vn -0.163328 -0.945146 -0.282885
vn -0.111682 -0.945184 -0.306845
vn -0.002851 -0.999965 -0.007831
vn -0.004228 -0.999964 -0.007327
vn 0.048363 -0.989952 0.132875
vn 0.070692 -0.989956 0.122435
vn -0.762048 -0.102007 -0.639435
vn -0.861505 -0.102036 -0.497391
vn -0.639433 -0.102037 -0.762046
vn -0.282793 -0.945184 -0.163267
vn -0.007211 -0.999965 -0.004158
vn -0.250235 -0.945144 -0.209966
vn -0.006470 -0.999964 -0.005422
vn 0.108314 -0.989954 0.090886
vn 0.122464 -0.989952 0.070701
vn -0.209896 -0.945185 -0.250137
vn -0.005355 -0.999965 -0.006380
vn 0.090894 -0.989952 0.108321
s 1
g mid scale_low s_2_low
usemtl lambert13SG
f 1512/1830/1530 1423/1939/1531 1453/1969/1532 1583/1901/1533
f 1422/1938/1534 1512/1830/1530 1583/1901/1533 1367/2072/1535
f 1512/1830/1530 1422/1938/1534 1425/1941/1536 1513/1831/1537
f 1423/1939/1531 1512/1830/1530 1513/1831/1537 1424/2176/1538
f 1260/1748/1539 1424/1940/1538 1513/2179/1537 1426/1942/1540
f 1426/1942/1540 1513/2179/1537 1425/2154/1536 1261/1749/1541
f 1260/1748/1539 1426/1942/1540 1514/1832/1542 1429/1945/1543
f 1426/1942/1540 1261/1749/1541 1427/1943/1544 1514/1832/1542
f 1514/1832/1542 1427/1943/1544 1262/1750/1545 1428/1944/1546
f 1429/1945/1543 1514/1832/1542 1428/1944/1546 1263/1751/1547
f 1430/1946/1548 1263/1751/1547 1428/1944/1546 1515/1833/1549
f 1515/1833/1549 1428/1944/1546 1262/1750/1545 1431/1947/1550
f 1432/1948/1551 1516/1834/1552 1518/1836/1553 1439/1955/1554
f 1432/1948/1551 1264/1752/1555 1433/1949/1556 1516/1834/1552
f 1516/1834/1552 1433/1949/1556 1265/1754/1557 1434/1951/1558
f 1516/1834/1552 1434/1951/1558 1438/1954/1559 1518/1836/1553
f 1265/1755/1557 1433/1950/1556 1517/1835/1560 1437/1953/1561
f 1433/1950/1556 1264/1753/1555 1435/1952/1562 1517/1835/1560
f 1517/1835/1560 1435/1952/1562 1266/1756/1563 1436/2143/1564
f 1437/1953/1561 1517/1835/1560 1436/2143/1564 1267/2141/1565
f 1518/1836/1553 1438/1954/1559 1441/1957/1566 1519/1837/1567
f 1439/1955/1554 1518/1836/1553 1519/1837/1567 1440/2155/1568
f 1268/1757/1569 1440/1956/1568 1519/2178/1567 1442/1958/1570
f 1442/1958/1570 1519/2178/1567 1441/2175/1566 1269/1758/1571
f 1268/1757/1569 1442/1958/1570 1520/1838/1572 1445/1961/1573
f 1442/1958/1570 1269/1758/1571 1443/1959/1574 1520/1838/1572
f 1520/1838/1572 1443/1959/1574 1270/1759/1575 1444/1960/1576
f 1445/1961/1573 1520/1838/1572 1444/1960/1576 1271/1760/1577
f 1446/1962/1578 1271/1760/1577 1444/1960/1576 1521/1839/1579
f 1521/1839/1579 1444/1960/1576 1270/1759/1575 1447/1963/1580
f 1272/1761/1581 1448/1964/1582 1522/1840/1583 1451/1967/1584
f 1448/1964/1582 1273/1763/1585 1449/1966/1586 1522/1840/1583
f 1522/1840/1583 1449/1966/1586 1274/1765/1587 1450/2142/1588
f 1451/1967/1584 1522/1840/1583 1450/2142/1588 1275/2135/1589
f 1452/1968/1590 1523/1841/1591 1524/1842/1592 1454/1970/1593
f 1452/1968/1590 1273/1764/1585 1448/1965/1582 1523/1841/1591
f 1523/1841/1591 1448/1965/1582 1272/1762/1581 1453/1969/1532
f 1523/1841/1591 1453/1969/1532 1423/1939/1531 1524/1842/1592
f 1524/1842/1592 1423/1939/1531 1424/2176/1538 1525/1843/1594
f 1454/1970/1593 1524/1842/1592 1525/1843/1594 1455/2172/1595
f 1276/1766/1596 1455/1971/1595 1525/2177/1594 1456/1972/1597
f 1456/1972/1597 1525/2177/1594 1424/1940/1538 1260/1748/1539
f 1457/1973/1598 1277/1767/1599 1458/1974/1600 1526/1844/1601
f 1526/1844/1601 1458/1974/1600 1263/1751/1547 1430/1946/1548
f 1276/1766/1596 1456/1972/1597 1527/1845/1602 1459/1975/1603
f 1456/1972/1597 1260/1748/1539 1429/1945/1543 1527/1845/1602
f 1527/1845/1602 1429/1945/1543 1263/1751/1547 1458/1974/1600
f 1459/1975/1603 1527/1845/1602 1458/1974/1600 1277/1767/1599
f 1278/1768/1604 1460/1976/1605 1528/1846/1606 1462/1978/1607
f 1460/1976/1605 1265/1755/1557 1437/1953/1561 1528/1846/1606
f 1528/1846/1606 1437/1953/1561 1267/2141/1565 1461/2140/1608
f 1462/1978/1607 1528/1846/1606 1461/2140/1608 1279/2139/1609
f 1438/1954/1559 1434/1951/1558 1529/1847/1610 1530/1848/1611
f 1434/1951/1558 1265/1754/1557 1460/1977/1605 1529/1847/1610
f 1529/1847/1610 1460/1977/1605 1278/1769/1604 1463/1979/1612
f 1529/1847/1610 1463/1979/1612 1464/1980/1613 1530/1848/1611
f 1530/1848/1611 1464/1980/1613 1467/1983/1614 1532/1850/1615
f 1441/1957/1566 1438/1954/1559 1530/1848/1611 1532/1850/1615
f 1447/1963/1580 1270/1759/1575 1465/1981/1616 1531/1849/1617
f 1531/1849/1617 1465/1981/1616 1280/1770/1618 1466/1982/1619
f 1269/1758/1571 1441/2175/1566 1532/2174/1615 1468/1984/1620
f 1468/1984/1620 1532/2174/1615 1467/2171/1614 1281/1771/1621
f 1269/1758/1571 1468/1984/1620 1533/1851/1622 1443/1959/1574
f 1468/1984/1620 1281/1771/1621 1469/1985/1623 1533/1851/1622
f 1533/1851/1622 1469/1985/1623 1280/1770/1618 1465/1981/1616
f 1443/1959/1574 1533/1851/1622 1465/1981/1616 1270/1759/1575
f 1273/1763/1585 1471/1987/1624 1534/1852/1625 1449/1966/1586
f 1471/1987/1624 1283/1773/1626 1472/1989/1627 1534/1852/1625
f 1534/1852/1625 1472/1989/1627 1282/1772/1628 1470/1986/1629
f 1449/1966/1586 1534/1852/1625 1470/1986/1629 1274/1765/1587
f 1473/1990/1630 1535/1853/1631 1536/1854/1632 1474/1991/1633
f 1473/1990/1630 1283/1774/1626 1471/1988/1624 1535/1853/1631
f 1535/1853/1631 1471/1988/1624 1273/1764/1585 1452/1968/1590
f 1535/1853/1631 1452/1968/1590 1454/1970/1593 1536/1854/1632
f 1536/1854/1632 1454/1970/1593 1455/2172/1595 1539/1857/1634
f 1474/1991/1633 1536/1854/1632 1539/1857/1634 1479/2169/1635
f 1475/1992/1636 1284/1775/1637 1476/1993/1638 1537/1855/1639
f 1537/1855/1639 1476/1993/1638 1277/1767/1599 1457/1973/1598
f 1285/1776/1640 1477/1994/1641 1538/1856/1642 1478/1995/1643
f 1477/1994/1641 1276/1766/1596 1459/1975/1603 1538/1856/1642
f 1538/1856/1642 1459/1975/1603 1277/1767/1599 1476/1993/1638
f 1478/1995/1643 1538/1856/1642 1476/1993/1638 1284/1775/1637
f 1285/1776/1640 1479/1996/1635 1539/2173/1634 1477/1994/1641
f 1477/1994/1641 1539/2173/1634 1455/1971/1595 1276/1766/1596
f 1287/1777/1644 1481/1998/1645 1540/1858/1646 1482/2000/1647
f 1481/1998/1645 1278/1768/1604 1462/1978/1607 1540/1858/1646
f 1540/1858/1646 1462/1978/1607 1279/2139/1609 1480/1997/1648
f 1482/2000/1647 1540/1858/1646 1480/1997/1648 1286/2138/1649
f 1464/1980/1613 1463/1979/1612 1541/1859/1650 1542/1860/1651
f 1463/1979/1612 1278/1769/1604 1481/1999/1645 1541/1859/1650
f 1541/1859/1650 1481/1999/1645 1287/1778/1644 1483/2001/1652
f 1541/1859/1650 1483/2001/1652 1484/2002/1653 1542/1860/1651
f 1542/1860/1651 1484/2002/1653 1489/2007/1654 1545/1863/1655
f 1467/1983/1614 1464/1980/1613 1542/1860/1651 1545/1863/1655
f 1466/1982/1619 1280/1770/1618 1485/2003/1656 1543/1861/1657
f 1543/1861/1657 1485/2003/1656 1288/1779/1658 1486/2004/1659
f 1281/1771/1621 1487/2005/1660 1544/1862/1661 1469/1985/1623
f 1487/2005/1660 1289/1780/1662 1488/2006/1663 1544/1862/1661
f 1544/1862/1661 1488/2006/1663 1288/1779/1658 1485/2003/1656
f 1469/1985/1623 1544/1862/1661 1485/2003/1656 1280/1770/1618
f 1281/1771/1621 1467/2171/1614 1545/2170/1655 1487/2005/1660
f 1487/2005/1660 1545/2170/1655 1489/2167/1654 1289/1780/1662
f 1283/1773/1626 1491/2009/1664 1546/1864/1665 1472/1989/1627
f 1491/2009/1664 1291/1782/1666 1492/2011/1667 1546/1864/1665
f 1546/1864/1665 1492/2011/1667 1290/1781/1668 1490/2008/1669
f 1472/1989/1627 1546/1864/1665 1490/2008/1669 1282/1772/1628
f 1283/1774/1626 1473/1990/1630 1547/1865/1670 1491/2010/1664
f 1547/1865/1670 1473/1990/1630 1474/1991/1633 1548/1866/1671
f 1493/2012/1672 1547/1865/1670 1548/1866/1671 1494/2013/1673
f 1491/2010/1664 1547/1865/1670 1493/2012/1672 1291/1783/1666
f 1548/1866/1671 1474/1991/1633 1479/2169/1635 1552/2168/1674
f 1494/2013/1673 1548/1866/1671 1552/2168/1674 1502/2164/1675
f 1284/1775/1637 1475/1992/1636 1549/1867/1676 1496/2015/1677
f 1496/2015/1677 1549/1867/1676 1495/2014/1678 1292/1784/1679
f 1294/1785/1680 1498/2017/1681 1550/1868/1682 1499/2018/1683
f 1498/2017/1681 1285/1776/1640 1478/1995/1643 1550/1868/1682
f 1550/1868/1682 1478/1995/1643 1284/1775/1637 1496/2015/1677
f 1499/2018/1683 1550/1868/1682 1496/2015/1677 1292/1784/1679
f 1295/1786/1684 1500/2019/1685 1551/1869/1686 1501/2021/1687
f 1500/2019/1685 1287/1777/1644 1482/2000/1647 1551/1869/1686
f 1551/1869/1686 1482/2000/1647 1286/2138/1649 1497/2016/1688
f 1501/2021/1687 1551/1869/1686 1497/2016/1688 1293/2137/1689
f 1479/1996/1635 1285/1776/1640 1498/2017/1681 1552/1870/1674
f 1552/1870/1674 1498/2017/1681 1294/1785/1680 1502/2022/1675
f 1484/2002/1653 1483/2001/1652 1553/1871/1690 1554/1872/1691
f 1483/2001/1652 1287/1778/1644 1500/2020/1685 1553/1871/1690
f 1553/1871/1690 1500/2020/1685 1295/1787/1684 1503/2023/1692
f 1553/1871/1690 1503/2023/1692 1504/2024/1693 1554/1872/1691
f 1554/1872/1691 1504/2024/1693 1333/2034/1694 1559/1877/1695
f 1489/2007/1654 1484/2002/1653 1554/1872/1691 1559/1877/1695
f 1291/1782/1666 1506/2026/1696 1555/1873/1697 1492/2011/1667
f 1506/2026/1696 1297/1789/1698 1507/2028/1699 1555/1873/1697
f 1555/1873/1697 1507/2028/1699 1296/1788/1700 1505/2025/1701
f 1492/2011/1667 1555/1873/1697 1505/2025/1701 1290/1781/1668
f 1486/2004/1659 1288/1779/1658 1508/2029/1702 1556/1874/1703
f 1556/1874/1703 1508/2029/1702 1298/1791/1704 1509/2030/1705
f 1510/2031/1706 1557/1875/1707 1560/1878/1708 1335/2036/1709
f 1510/2031/1706 1297/1790/1698 1506/2027/1696 1557/1875/1707
f 1557/1875/1707 1506/2027/1696 1291/1783/1666 1493/2012/1672
f 1557/1875/1707 1493/2012/1672 1494/2013/1673 1560/1878/1708
f 1289/1780/1662 1511/2032/1710 1558/1876/1711 1488/2006/1663
f 1511/2032/1710 1299/1792/1712 1332/2033/1713 1558/1876/1711
f 1558/1876/1711 1332/2033/1713 1298/1791/1704 1508/2029/1702
f 1488/2006/1663 1558/1876/1711 1508/2029/1702 1288/1779/1658
f 1289/1780/1662 1489/2167/1654 1559/2166/1695 1511/2032/1710
f 1511/2032/1710 1559/2166/1695 1333/2163/1694 1299/1792/1712
f 1560/1878/1708 1494/2013/1673 1502/2164/1675 1565/1883/1714
f 1335/2036/1709 1560/1878/1708 1565/1883/1714 1344/2160/1715
f 1301/1793/1716 1336/2037/1717 1561/1879/1718 1337/2039/1719
f 1336/2037/1717 1295/1786/1684 1501/2021/1687 1561/1879/1718
f 1561/1879/1718 1501/2021/1687 1293/2137/1689 1334/2035/1720
f 1337/2039/1719 1561/1879/1718 1334/2035/1720 1300/2136/1721
f 1504/2024/1693 1503/2023/1692 1562/1880/1722 1568/1886/1723
f 1503/2023/1692 1295/1787/1684 1336/2038/1717 1562/1880/1722
f 1562/1880/1722 1336/2038/1717 1301/1794/1716 1338/2040/1724
f 1562/1880/1722 1338/2040/1724 1349/2052/1725 1568/1886/1723
f 1339/2041/1726 1302/1795/1727 1340/2042/1728 1563/1881/1729
f 1563/1881/1729 1340/2042/1728 1292/1784/1679 1495/2014/1678
f 1303/1796/1730 1341/2043/1731 1564/1882/1732 1342/2044/1733
f 1341/2043/1731 1294/1785/1680 1499/2018/1683 1564/1882/1732
f 1564/1882/1732 1499/2018/1683 1292/1784/1679 1340/2042/1728
f 1342/2044/1733 1564/1882/1732 1340/2042/1728 1302/1795/1727
f 1303/1796/1730 1344/2046/1715 1565/2165/1714 1341/2043/1731
f 1341/2043/1731 1565/2165/1714 1502/2022/1675 1294/1785/1680
f 1297/1789/1698 1345/2047/1734 1566/1884/1735 1507/2028/1699
f 1345/2047/1734 1305/1798/1736 1346/2049/1737 1566/1884/1735
f 1566/1884/1735 1346/2049/1737 1304/1797/1738 1343/2045/1739
f 1507/2028/1699 1566/1884/1735 1343/2045/1739 1296/1788/1700
f 1347/2050/1740 1567/1885/1741 1574/1892/1742 1356/2060/1743
f 1347/2050/1740 1305/1799/1736 1345/2048/1734 1567/1885/1741
f 1567/1885/1741 1345/2048/1734 1297/1790/1698 1510/2031/1706
f 1567/1885/1741 1510/2031/1706 1335/2036/1709 1574/1892/1742
f 1568/1886/1723 1349/2052/1725 1355/2059/1744 1573/1891/1745
f 1333/2034/1694 1504/2024/1693 1568/1886/1723 1573/1891/1745
f 1305/1798/1736 1350/2053/1746 1569/1887/1747 1346/2049/1737
f 1350/2053/1746 1301/1793/1716 1337/2039/1719 1569/1887/1747
f 1569/1887/1747 1337/2039/1719 1300/2136/1721 1348/2051/1748
f 1346/2049/1737 1569/1887/1747 1348/2051/1748 1304/1797/1738
f 1349/2052/1725 1338/2040/1724 1570/1888/1749 1575/1893/1750
f 1338/2040/1724 1301/1794/1716 1350/2054/1746 1570/1888/1749
f 1570/1888/1749 1350/2054/1746 1305/1799/1736 1347/2050/1740
f 1570/1888/1749 1347/2050/1740 1356/2060/1743 1575/1893/1750
f 1509/2030/1705 1298/1791/1704 1351/2055/1751 1571/1889/1752
f 1571/1889/1752 1351/2055/1751 1306/1800/1753 1352/2056/1754
f 1299/1792/1712 1353/2057/1755 1572/1890/1756 1332/2033/1713
f 1353/2057/1755 1307/1801/1757 1354/2058/1758 1572/1890/1756
f 1572/1890/1756 1354/2058/1758 1306/1800/1753 1351/2055/1751
f 1332/2033/1713 1572/1890/1756 1351/2055/1751 1298/1791/1704
f 1299/1792/1712 1333/2163/1694 1573/2162/1745 1353/2057/1755
f 1353/2057/1755 1573/2162/1745 1355/2159/1744 1307/1801/1757
f 1574/1892/1742 1335/2036/1709 1344/2160/1715 1578/1896/1759
f 1356/2060/1743 1574/1892/1742 1578/1896/1759 1361/2157/1760
f 1575/1893/1750 1356/2060/1743 1361/2157/1760 1581/1899/1761
f 1355/2059/1744 1349/2052/1725 1575/1893/1750 1581/1899/1761
f 1357/2061/1762 1308/1802/1763 1358/2062/1764 1576/1894/1765
f 1576/1894/1765 1358/2062/1764 1302/1795/1727 1339/2041/1726
f 1309/1803/1766 1359/2063/1767 1577/1895/1768 1360/2064/1769
f 1359/2063/1767 1303/1796/1730 1342/2044/1733 1577/1895/1768
f 1577/1895/1768 1342/2044/1733 1302/1795/1727 1358/2062/1764
f 1360/2064/1769 1577/1895/1768 1358/2062/1764 1308/1802/1763
f 1309/1803/1766 1361/2065/1760 1578/2161/1759 1359/2063/1767
f 1359/2063/1767 1578/2161/1759 1344/2046/1715 1303/1796/1730
f 1352/2056/1754 1306/1800/1753 1362/2066/1770 1579/1897/1771
f 1579/1897/1771 1362/2066/1770 1308/1802/1763 1357/2061/1762
f 1307/1801/1757 1363/2067/1772 1580/1898/1773 1354/2058/1758
f 1363/2067/1772 1309/1803/1766 1360/2064/1769 1580/1898/1773
f 1580/1898/1773 1360/2064/1769 1308/1802/1763 1362/2066/1770
f 1354/2058/1758 1580/1898/1773 1362/2066/1770 1306/1800/1753
f 1307/1801/1757 1355/2159/1744 1581/2158/1761 1363/2067/1772
f 1363/2067/1772 1581/2158/1761 1361/2065/1760 1309/1803/1766
f 1311/1804/1774 1365/2069/1775 1582/1900/1776 1366/2071/1777
f 1365/2069/1775 1272/1761/1581 1451/1967/1584 1582/1900/1776
f 1582/1900/1776 1451/1967/1584 1275/2135/1589 1364/2068/1778
f 1366/2071/1777 1582/1900/1776 1364/2068/1778 1310/2134/1779
f 1453/1969/1532 1272/1762/1581 1365/2070/1775 1583/1901/1533
f 1583/1901/1533 1365/2070/1775 1311/1805/1774 1367/2072/1535
f 1368/2073/1780 1312/1806/1781 1369/2074/1782 1584/2191/1783
f 1584/1902/1783 1369/2189/1782 1271/1760/1577 1446/1962/1578
f 1313/1807/1784 1370/2075/1785 1585/2190/1786 1371/2076/1787
f 1370/2188/1785 1268/1757/1569 1445/1961/1573 1585/1903/1786
f 1585/1903/1786 1445/1961/1573 1271/1760/1577 1369/2189/1782
f 1371/2076/1787 1585/2190/1786 1369/2074/1782 1312/1806/1781
f 1313/1807/1784 1372/2077/1788 1586/2156/1789 1370/2075/1785
f 1586/2186/1789 1372/2151/1788 1373/2078/1790 1587/2185/1791
f 1439/1955/1554 1440/2155/1568 1586/1904/1789 1587/1905/1791
f 1370/2188/1785 1586/2187/1789 1440/1956/1568 1268/1757/1569
f 1587/2185/1791 1373/2078/1790 1381/2087/1792 1591/2182/1793
f 1432/1948/1551 1439/1955/1554 1587/1905/1791 1591/1909/1793
f 1431/1947/1550 1262/1750/1545 1375/2080/1794 1588/1906/1795
f 1588/1906/1795 1375/2080/1794 1315/1809/1796 1376/2081/1797
f 1264/1753/1555 1377/2082/1798 1589/2184/1799 1435/1952/1562
f 1377/2180/1798 1316/1810/1800 1378/2084/1801 1589/1907/1799
f 1589/1907/1799 1378/2084/1801 1314/1808/1802 1374/2079/1803
f 1435/1952/1562 1589/2184/1799 1374/2183/1803 1266/1756/1563
f 1261/1749/1541 1379/2085/1804 1590/1908/1805 1427/1943/1544
f 1379/2085/1804 1317/1812/1806 1380/2086/1807 1590/1908/1805
f 1590/1908/1805 1380/2086/1807 1315/1809/1796 1375/2080/1794
f 1427/1943/1544 1590/1908/1805 1375/2080/1794 1262/1750/1545
f 1381/2087/1792 1316/1811/1800 1377/2181/1798 1591/2182/1793
f 1591/1909/1793 1377/2083/1798 1264/1752/1555 1432/1948/1551
f 1592/1910/1808 1376/2081/1797 1315/1809/1796 1382/2088/1809
f 1383/2089/1810 1592/1910/1808 1382/2088/1809 1318/1813/1811
f 1261/1749/1541 1425/2154/1536 1593/2153/1812 1379/2085/1804
f 1593/1911/1812 1425/1941/1536 1422/1938/1534 1594/1912/1813
f 1384/2090/1814 1593/1911/1812 1594/1912/1813 1386/2092/1815
f 1379/2085/1804 1593/2153/1812 1384/2150/1814 1317/1812/1806
f 1594/1912/1813 1422/1938/1534 1367/2072/1535 1599/1917/1816
f 1386/2092/1815 1594/1912/1813 1599/1917/1816 1395/2102/1817
f 1387/2093/1818 1321/1815/1819 1388/2094/1820 1595/1913/1821
f 1595/1913/1821 1388/2094/1820 1312/1806/1781 1368/2073/1780
f 1322/1816/1822 1389/2095/1823 1596/1914/1824 1390/2096/1825
f 1389/2095/1823 1313/1807/1784 1371/2076/1787 1596/1914/1824
f 1596/1914/1824 1371/2076/1787 1312/1806/1781 1388/2094/1820
f 1390/2096/1825 1596/1914/1824 1388/2094/1820 1321/1815/1819
f 1322/1816/1822 1392/2098/1826 1597/2152/1827 1389/2095/1823
f 1597/1915/1827 1392/2147/1826 1396/2103/1828 1600/1918/1829
f 1373/2078/1790 1372/2151/1788 1597/1915/1827 1600/1918/1829
f 1389/2095/1823 1597/2152/1827 1372/2077/1788 1313/1807/1784
f 1323/1817/1830 1393/2099/1831 1598/1916/1832 1394/2101/1833
f 1393/2099/1831 1311/1804/1774 1366/2071/1777 1598/1916/1832
f 1598/1916/1832 1366/2071/1777 1310/2134/1779 1391/2097/1834
f 1394/2101/1833 1598/1916/1832 1391/2097/1834 1319/1814/1835
f 1367/2072/1535 1311/1805/1774 1393/2100/1831 1599/1917/1816
f 1599/1917/1816 1393/2100/1831 1323/1818/1830 1395/2102/1817
f 1600/1918/1829 1396/2103/1828 1405/2113/1836 1605/1923/1837
f 1381/2087/1792 1373/2078/1790 1600/1918/1829 1605/1923/1837
f 1317/1812/1806 1397/2104/1838 1601/1919/1839 1380/2086/1807
f 1397/2104/1838 1324/1819/1840 1398/2105/1841 1601/1919/1839
f 1601/1919/1839 1398/2105/1841 1318/1813/1811 1382/2088/1809
f 1380/2086/1807 1601/1919/1839 1382/2088/1809 1315/1809/1796
f 1317/1812/1806 1384/2150/1814 1602/2149/1842 1397/2104/1838
f 1602/1920/1842 1384/2090/1814 1386/2092/1815 1609/1927/1843
f 1399/2106/1844 1602/1920/1842 1609/1927/1843 1410/2118/1845
f 1397/2104/1838 1602/2149/1842 1399/2146/1844 1324/1819/1840
f 1316/1810/1800 1401/2108/1846 1603/1921/1847 1378/2084/1801
f 1401/2108/1846 1326/1821/1848 1402/2110/1849 1603/1921/1847
f 1603/1921/1847 1402/2110/1849 1325/1820/1850 1400/2107/1851
f 1378/2084/1801 1603/1921/1847 1400/2107/1851 1314/1808/1802
f 1403/2111/1852 1327/1823/1853 1404/2112/1854 1604/1922/1855
f 1604/1922/1855 1404/2112/1854 1321/1815/1819 1387/2093/1818
f 1405/2113/1836 1326/1822/1848 1401/2109/1846 1605/1923/1837
f 1605/1923/1837 1401/2109/1846 1316/1811/1800 1381/2087/1792
f 1328/1824/1856 1406/2114/1857 1606/1924/1858 1407/2115/1859
f 1406/2114/1857 1322/1816/1822 1390/2096/1825 1606/1924/1858
f 1606/1924/1858 1390/2096/1825 1321/1815/1819 1404/2112/1854
f 1407/2115/1859 1606/1924/1858 1404/2112/1854 1327/1823/1853
f 1328/1824/1856 1408/2116/1860 1607/2148/1861 1406/2114/1857
f 1607/1925/1861 1408/2144/1860 1415/2124/1862 1614/1932/1863
f 1396/2103/1828 1392/2147/1826 1607/1925/1861 1614/1932/1863
f 1406/2114/1857 1607/2148/1861 1392/2098/1826 1322/1816/1822
f 1383/2089/1810 1318/1813/1811 1409/2117/1864 1608/1926/1865
f 1608/1926/1865 1409/2117/1864 1327/1823/1853 1403/2111/1852
f 1609/1927/1843 1386/2092/1815 1395/2102/1817 1613/1931/1866
f 1410/2118/1845 1609/1927/1843 1613/1931/1866 1414/2123/1867
f 1324/1819/1840 1411/2119/1868 1610/1928/1869 1398/2105/1841
f 1411/2119/1868 1328/1824/1856 1407/2115/1859 1610/1928/1869
f 1610/1928/1869 1407/2115/1859 1327/1823/1853 1409/2117/1864
f 1398/2105/1841 1610/1928/1869 1409/2117/1864 1318/1813/1811
f 1324/1819/1840 1399/2146/1844 1611/2145/1870 1411/2119/1868
f 1611/1929/1870 1399/2106/1844 1410/2118/1845 1615/1933/1871
f 1408/2144/1860 1611/1929/1870 1615/1933/1871 1415/2124/1862
f 1411/2119/1868 1611/2145/1870 1408/2116/1860 1328/1824/1856
f 1329/1825/1872 1412/2120/1873 1612/1930/1874 1413/2122/1875
f 1412/2120/1873 1323/1817/1830 1394/2101/1833 1612/1930/1874
f 1612/1930/1874 1394/2101/1833 1319/1814/1835 1385/2091/1876
f 1413/2122/1875 1612/1930/1874 1385/2091/1876 1320/2133/1877
f 1395/2102/1817 1323/1818/1830 1412/2121/1873 1613/1931/1866
f 1613/1931/1866 1412/2121/1873 1329/1826/1872 1414/2123/1867
f 1614/1932/1863 1415/2124/1862 1419/2129/1878 1617/1935/1879
f 1405/2113/1836 1396/2103/1828 1614/1932/1863 1617/1935/1879
f 1615/1933/1871 1410/2118/1845 1414/2123/1867 1619/1937/1880
f 1415/2124/1862 1615/1933/1871 1619/1937/1880 1419/2129/1878
f 1326/1821/1848 1417/2126/1881 1616/1934/1882 1402/2110/1849
f 1417/2126/1881 1331/1828/1883 1418/2128/1884 1616/1934/1882
f 1616/1934/1882 1418/2128/1884 1330/1827/1885 1416/2125/1886
f 1402/2110/1849 1616/1934/1882 1416/2125/1886 1325/1820/1850
f 1419/2129/1878 1331/1829/1883 1417/2127/1881 1617/1935/1879
f 1617/1935/1879 1417/2127/1881 1326/1822/1848 1405/2113/1836
f 1331/1828/1883 1421/2131/1887 1618/1936/1888 1418/2128/1884
f 1421/2131/1887 1329/1825/1872 1413/2122/1875 1618/1936/1888
f 1618/1936/1888 1413/2122/1875 1320/2133/1877 1420/2130/1889
f 1418/2128/1884 1618/1936/1888 1420/2130/1889 1330/1827/1885
f 1414/2123/1867 1329/1826/1872 1421/2132/1887 1619/1937/1880
f 1619/1937/1880 1421/2132/1887 1331/1829/1883 1419/2129/1878
g default
v 79.615442 0.904747 8.888681
v 79.009683 0.904747 8.888681
v 78.706804 0.904747 9.413287
v 79.009683 0.904747 9.937891
v 79.615442 0.904747 9.937891
v 79.918321 0.904747 9.413287
v 79.615442 1.440076 8.888681
v 79.009683 1.440076 8.888681
v 78.706804 1.440076 9.413287
v 79.009683 1.440076 9.937891
v 79.615442 1.440076 9.937891
v 79.918321 1.440076 9.413287
vt 0.740958 0.902526
vt 0.740958 0.911705
vt 0.740958 0.957602
vt 0.740958 0.948422
vt 0.740958 0.920885
vt 0.740958 0.930064
vt 0.740958 0.939243
vt 0.732846 0.957602
vt 0.732846 0.948422
vt 0.732846 0.902526
vt 0.732846 0.911705
vt 0.732846 0.920885
vt 0.732846 0.930064
vt 0.732846 0.939243
vn 0.000000 0.000000 -1.000000
vn 0.000000 0.000000 -1.000000
vn 0.000000 0.000000 -1.000000
vn 0.000000 0.000000 -1.000000
vn -0.866028 0.000000 -0.499996
vn -0.866028 0.000000 -0.499996
vn -0.866028 0.000000 -0.499996
vn -0.866028 0.000000 -0.499996
vn -0.866027 0.000000 0.499997
vn -0.866027 0.000000 0.499997
vn -0.866027 0.000000 0.499997
vn -0.866027 0.000000 0.499997
vn 0.000000 0.000000 1.000000
vn 0.000000 0.000000 1.000000
vn 0.000000 0.000000 1.000000
vn 0.000000 0.000000 1.000000
vn 0.866027 0.000000 0.499997
vn 0.866027 0.000000 0.499997
vn 0.866027 0.000000 0.499997
vn 0.866027 0.000000 0.499997
vn 0.866028 0.000000 -0.499996
vn 0.866028 0.000000 -0.499996
vn 0.866028 0.000000 -0.499996
vn 0.866028 0.000000 -0.499996
s off
g mid scale_low s_7_low1
usemtl lambert13SG
f 1620/2192/1890 1621/2193/1891 1627/2202/1892 1626/2201/1893
f 1621/2193/1894 1622/2196/1895 1628/2203/1896 1627/2202/1897
f 1622/2196/1898 1623/2197/1899 1629/2204/1900 1628/2203/1901
f 1623/2197/1902 1624/2198/1903 1630/2205/1904 1629/2204/1905
f 1624/2198/1906 1625/2195/1907 1631/2200/1908 1630/2205/1909
f 1625/2195/1910 1620/2194/1911 1626/2199/1912 1631/2200/1913
g default
v 80.365601 0.670724 8.762435
v 79.913201 0.670724 8.310036
v 79.295228 0.670724 8.144448
v 78.677239 0.670724 8.310036
v 78.224847 0.670724 8.762435
v 78.059258 0.670724 9.380416
v 78.224847 0.670724 9.998399
v 78.677239 0.670724 10.450797
v 79.295228 0.670724 10.616385
v 79.913201 0.670724 10.450797
v 80.365601 0.670724 9.998399
v 80.531190 0.670724 9.380416
v 80.365601 1.061715 8.762435
v 79.913201 1.061715 8.310036
v 79.295228 1.061715 8.144448
v 78.677239 1.061715 8.310036
v 78.224847 1.061715 8.762435
v 78.059258 1.061715 9.380416
v 78.224847 1.061715 9.998399
v 78.677239 1.061715 10.450797
v 79.295228 1.061715 10.616385
v 79.913201 1.061715 10.450797
v 80.365601 1.061715 9.998399
v 80.531190 1.061715 9.380416
v 79.909959 1.066690 9.040634
v 79.662041 1.066690 8.792721
v 79.323388 1.066690 8.701981
v 78.984734 1.066690 8.792721
v 78.736817 1.066690 9.040634
v 78.646081 1.066690 9.379288
v 78.736817 1.066690 9.717943
v 78.984734 1.066690 9.965856
v 79.323388 1.066690 10.056598
v 79.662041 1.066690 9.965856
v 79.909959 1.066690 9.717943
v 80.000695 1.066690 9.379288
v 79.909959 1.091690 9.040634
v 79.662041 1.091690 8.792721
v 79.323388 1.091690 8.701981
v 78.984734 1.091690 8.792721
v 78.736817 1.091690 9.040634
v 78.646081 1.091690 9.379288
v 78.736817 1.091690 9.717943
v 78.984734 1.091690 9.965856
v 79.323388 1.091690 10.056598
v 79.662041 1.091690 9.965856
v 79.909959 1.091690 9.717943
v 80.000695 1.091690 9.379288
vt 0.773098 0.961227
vt 0.773098 0.970921
vt 0.737726 0.868914
vt 0.737726 0.861080
vt 0.773098 0.980616
vt 0.737724 0.782748
vt 0.773098 0.873975
vt 0.737724 0.790581
vt 0.773098 0.883669
vt 0.737728 0.798415
vt 0.773098 0.893364
vt 0.737728 0.806248
vt 0.773098 0.903058
vt 0.737727 0.814081
vt 0.773098 0.912753
vt 0.737727 0.821914
vt 0.773098 0.922448
vt 0.737726 0.829747
vt 0.773098 0.932143
vt 0.737726 0.837581
vt 0.773098 0.941837
vt 0.737725 0.845414
vt 0.773098 0.951532
vt 0.737726 0.853247
vt 0.321709 0.984332
vt 0.321709 0.979018
vt 0.321709 0.925878
vt 0.321709 0.931191
vt 0.321709 0.936506
vt 0.321709 0.941820
vt 0.321709 0.947134
vt 0.321709 0.952448
vt 0.321709 0.957762
vt 0.321709 0.963076
vt 0.321709 0.968390
vt 0.321709 0.973704
vt 0.321331 0.984332
vt 0.321331 0.979018
vt 0.321331 0.925878
vt 0.321331 0.931191
vt 0.321331 0.936506
vt 0.321331 0.941820
vt 0.321331 0.947134
vt 0.321331 0.952448
vt 0.321331 0.957762
vt 0.321331 0.963076
vt 0.321331 0.968390
vt 0.321331 0.973704
vt 0.729893 0.853247
vt 0.729892 0.861080
vt 0.729892 0.845414
vt 0.729893 0.837581
vt 0.729893 0.829747
vt 0.729894 0.821914
vt 0.729894 0.814081
vt 0.729894 0.806248
vt 0.729892 0.798414
vt 0.729892 0.790582
vt 0.729893 0.782748
vt 0.729892 0.868914
vt 0.767174 0.951532
vt 0.767174 0.961227
vt 0.767174 0.941837
vt 0.767174 0.932143
vt 0.767174 0.922448
vt 0.767174 0.912753
vt 0.767174 0.903058
vt 0.767174 0.893364
vt 0.767174 0.883669
vt 0.767174 0.873975
vt 0.767174 0.864280
vt 0.767174 0.970921
vt 0.729892 0.876747
vt 0.321709 0.989646
vt 0.321331 0.989646
vt 0.767174 0.980616
vt 0.737726 0.876747
vt 0.773098 0.864280
vn 0.866026 0.000000 -0.499999
vn 0.500001 0.000000 -0.866024
vn 0.500001 0.000000 -0.866024
vn 0.866026 0.000000 -0.499999
vn 0.500001 0.000000 -0.866024
vn -0.000000 0.000000 -1.000000
vn -0.000000 0.000000 -1.000000
vn 0.500001 0.000000 -0.866024
vn -0.000000 0.000000 -1.000000
vn -0.500001 0.000000 -0.866025
vn -0.500001 0.000000 -0.866025
vn -0.000000 0.000000 -1.000000
vn -0.500001 0.000000 -0.866025
vn -0.866026 0.000000 -0.499999
vn -0.866026 0.000000 -0.499999
vn -0.500001 0.000000 -0.866025
vn -0.866026 0.000000 -0.499999
vn -1.000000 0.000000 -0.000000
vn -1.000000 0.000000 -0.000000
vn -0.866026 0.000000 -0.499999
vn -1.000000 0.000000 -0.000000
vn -0.866027 0.000000 0.499998
vn -0.866027 0.000000 0.499998
vn -1.000000 0.000000 -0.000000
vn -0.866027 0.000000 0.499998
vn -0.500001 0.000000 0.866024
vn -0.500001 0.000000 0.866024
vn -0.866027 0.000000 0.499998
vn -0.500001 0.000000 0.866024
vn -0.000000 0.000000 1.000000
vn -0.000000 0.000000 1.000000
vn -0.500001 0.000000 0.866024
vn -0.000000 0.000000 1.000000
vn 0.500002 0.000000 0.866024
vn 0.500002 0.000000 0.866024
vn -0.000000 0.000000 1.000000
vn 0.500002 0.000000 0.866024
vn 0.866027 0.000000 0.499998
vn 0.866027 0.000000 0.499998
vn 0.500002 0.000000 0.866024
vn 0.866027 0.000000 0.499998
vn 1.000000 0.000000 -0.000000
vn 1.000000 0.000000 -0.000000
vn 0.866027 0.000000 0.499998
vn 1.000000 0.000000 -0.000000
vn 0.866026 0.000000 -0.499999
vn 0.866026 0.000000 -0.499999
vn 1.000000 0.000000 -0.000000
vn 0.008047 0.999957 -0.004700
vn 0.004503 0.999958 -0.007963
vn 0.004627 0.999958 -0.007898
vn 0.008089 0.999957 -0.004632
vn 0.004503 0.999958 -0.007963
vn -0.000092 0.999960 -0.008918
vn 0.000066 0.999960 -0.008926
vn 0.004627 0.999958 -0.007898
vn -0.000092 0.999960 -0.008918
vn -0.004416 0.999962 -0.007493
vn -0.004303 0.999962 -0.007564
vn 0.000066 0.999960 -0.008926
vn -0.004416 0.999962 -0.007493
vn -0.007417 0.999964 -0.004230
vn -0.007380 0.999964 -0.004298
vn -0.004303 0.999962 -0.007564
vn -0.007417 0.999964 -0.004230
vn -0.008477 0.999964 0.000003
vn -0.008477 0.999964 -0.000002
vn -0.007380 0.999964 -0.004298
vn -0.008477 0.999964 0.000003
vn -0.007400 0.999964 0.004227
vn -0.007368 0.999964 0.004286
vn -0.008477 0.999964 -0.000002
vn -0.007400 0.999964 0.004227
vn -0.004398 0.999963 0.007469
vn -0.004291 0.999962 0.007537
vn -0.007368 0.999964 0.004286
vn -0.004398 0.999963 0.007469
vn -0.000091 0.999961 0.008882
vn 0.000065 0.999961 0.008890
vn -0.004291 0.999962 0.007537
vn -0.000091 0.999961 0.008882
vn 0.004483 0.999958 0.007936
vn 0.004613 0.999958 0.007868
vn 0.000065 0.999961 0.008890
vn 0.004483 0.999958 0.007936
vn 0.008027 0.999957 0.004696
vn 0.008075 0.999957 0.004618
vn 0.004613 0.999958 0.007868
vn 0.008027 0.999957 0.004696
vn 0.009377 0.999956 0.000004
vn 0.009377 0.999956 -0.000003
vn 0.008075 0.999957 0.004618
vn 0.009377 0.999956 0.000004
vn 0.008047 0.999957 -0.004700
vn 0.008089 0.999957 -0.004632
vn 0.009377 0.999956 -0.000003
vn 0.866026 0.000000 -0.499999
vn 0.499997 0.000000 -0.866027
vn 0.499997 0.000000 -0.866027
vn 0.866026 0.000000 -0.499999
vn 0.499997 0.000000 -0.866027
vn 0.000000 0.000000 -1.000000
vn 0.000000 0.000000 -1.000000
vn 0.499997 0.000000 -0.866027
vn 0.000000 0.000000 -1.000000
vn -0.499997 0.000000 -0.866027
vn -0.499997 0.000000 -0.866027
vn 0.000000 0.000000 -1.000000
vn -0.499997 0.000000 -0.866027
vn -0.866026 0.000000 -0.499999
vn -0.866026 0.000000 -0.499999
vn -0.499997 0.000000 -0.866027
vn -0.866026 0.000000 -0.499999
vn -1.000000 0.000000 0.000000
vn -1.000000 0.000000 0.000000
vn -0.866026 0.000000 -0.499999
vn -1.000000 0.000000 0.000000
vn -0.866026 0.000000 0.499999
vn -0.866026 0.000000 0.499999
vn -1.000000 0.000000 0.000000
vn -0.866026 0.000000 0.499999
vn -0.500001 0.000000 0.866025
vn -0.500001 0.000000 0.866025
vn -0.866026 0.000000 0.499999
vn -0.500001 0.000000 0.866025
vn 0.000000 0.000000 1.000000
vn 0.000000 0.000000 1.000000
vn -0.500001 0.000000 0.866025
vn 0.000000 0.000000 1.000000
vn 0.500001 0.000000 0.866025
vn 0.500001 0.000000 0.866025
vn 0.000000 0.000000 1.000000
vn 0.500001 0.000000 0.866025
vn 0.866026 0.000000 0.499999
vn 0.866026 0.000000 0.499999
vn 0.500001 0.000000 0.866025
vn 0.866026 0.000000 0.499999
vn 1.000000 0.000000 0.000000
vn 1.000000 0.000000 0.000000
vn 0.866026 0.000000 0.499999
vn 1.000000 0.000000 0.000000
vn 0.866026 0.000000 -0.499999
vn 0.866026 0.000000 -0.499999
vn 1.000000 0.000000 0.000000
s off
g mid scale_low s_8_low1
usemtl lambert13SG
f 1632/2206/1914 1633/2207/1915 1645/2277/1916 1644/2267/1917
f 1633/2207/1918 1634/2210/1919 1646/2281/1920 1645/2277/1921
f 1634/2283/1922 1635/2212/1923 1647/2275/1924 1646/2276/1925
f 1635/2212/1926 1636/2214/1927 1648/2274/1928 1647/2275/1929
f 1636/2214/1930 1637/2216/1931 1649/2273/1932 1648/2274/1933
f 1637/2216/1934 1638/2218/1935 1650/2272/1936 1649/2273/1937
f 1638/2218/1938 1639/2220/1939 1651/2271/1940 1650/2272/1941
f 1639/2220/1942 1640/2222/1943 1652/2270/1944 1651/2271/1945
f 1640/2222/1946 1641/2224/1947 1653/2269/1948 1652/2270/1949
f 1641/2224/1950 1642/2226/1951 1654/2268/1952 1653/2269/1953
f 1642/2226/1954 1643/2228/1955 1655/2266/1956 1654/2268/1957
f 1643/2228/1958 1632/2206/1959 1644/2267/1960 1655/2266/1961
f 1644/2209/1962 1645/2208/1963 1657/2265/1964 1656/2255/1965
f 1645/2208/1966 1646/2282/1967 1658/2278/1968 1657/2265/1969
f 1646/2211/1970 1647/2213/1971 1659/2263/1972 1658/2264/1973
f 1647/2213/1974 1648/2215/1975 1660/2262/1976 1659/2263/1977
f 1648/2215/1978 1649/2217/1979 1661/2261/1980 1660/2262/1981
f 1649/2217/1982 1650/2219/1983 1662/2260/1984 1661/2261/1985
f 1650/2219/1986 1651/2221/1987 1663/2259/1988 1662/2260/1989
f 1651/2221/1990 1652/2223/1991 1664/2258/1992 1663/2259/1993
f 1652/2223/1994 1653/2225/1995 1665/2257/1996 1664/2258/1997
f 1653/2225/1998 1654/2227/1999 1666/2256/2000 1665/2257/2001
f 1654/2227/2002 1655/2229/2003 1667/2254/2004 1666/2256/2005
f 1655/2229/2006 1644/2209/2007 1656/2255/2008 1667/2254/2009
f 1656/2231/2010 1657/2230/2011 1669/2242/2012 1668/2243/2013
f 1657/2230/2014 1658/2279/2015 1670/2280/2016 1669/2242/2017
f 1658/2232/2018 1659/2233/2019 1671/2245/2020 1670/2244/2021
f 1659/2233/2022 1660/2234/2023 1672/2246/2024 1671/2245/2025
f 1660/2234/2026 1661/2235/2027 1673/2247/2028 1672/2246/2029
f 1661/2235/2030 1662/2236/2031 1674/2248/2032 1673/2247/2033
f 1662/2236/2034 1663/2237/2035 1675/2249/2036 1674/2248/2037
f 1663/2237/2038 1664/2238/2039 1676/2250/2040 1675/2249/2041
f 1664/2238/2042 1665/2239/2043 1677/2251/2044 1676/2250/2045
f 1665/2239/2046 1666/2240/2047 1678/2252/2048 1677/2251/2049
f 1666/2240/2050 1667/2241/2051 1679/2253/2052 1678/2252/2053
f 1667/2241/2054 1656/2231/2055 1668/2243/2056 1679/2253/2057
g default
v 79.575102 0.904747 -14.729246
v 78.969344 0.904747 -14.729246
v 78.666464 0.904747 -14.204639
v 78.969344 0.904747 -13.680035
v 79.575102 0.904747 -13.680035
v 79.877982 0.904747 -14.204639
v 79.575102 1.440076 -14.729246
v 78.969344 1.440076 -14.729246
v 78.666464 1.440076 -14.204639
v 78.969344 1.440076 -13.680035
v 79.575102 1.440076 -13.680035
v 79.877982 1.440076 -14.204639
vt 0.740958 0.902526
vt 0.740958 0.911705
vt 0.740958 0.957602
vt 0.740958 0.948422
vt 0.740958 0.920885
vt 0.740958 0.930064
vt 0.740958 0.939243
vt 0.732846 0.957602
vt 0.732846 0.948422
vt 0.732846 0.902526
vt 0.732846 0.911705
vt 0.732846 0.920885
vt 0.732846 0.930064
vt 0.732846 0.939243
vn 0.000000 0.000000 -1.000000
vn 0.000000 0.000000 -1.000000
vn 0.000000 0.000000 -1.000000
vn 0.000000 0.000000 -1.000000
vn -0.866028 0.000000 -0.499996
vn -0.866028 0.000000 -0.499996
vn -0.866028 0.000000 -0.499996
vn -0.866028 0.000000 -0.499996
vn -0.866027 0.000000 0.499997
vn -0.866027 0.000000 0.499997
vn -0.866027 0.000000 0.499997
vn -0.866027 0.000000 0.499997
vn 0.000000 0.000000 1.000000
vn 0.000000 0.000000 1.000000
vn 0.000000 0.000000 1.000000
vn 0.000000 0.000000 1.000000
vn 0.866027 0.000000 0.499997
vn 0.866027 0.000000 0.499997
vn 0.866027 0.000000 0.499997
vn 0.866027 0.000000 0.499997
vn 0.866028 0.000000 -0.499996
vn 0.866028 0.000000 -0.499996
vn 0.866028 0.000000 -0.499996
vn 0.866028 0.000000 -0.499996
s off
g mid scale_low s_7_low2
usemtl lambert13SG
f 1680/2284/2058 1681/2285/2059 1687/2294/2060 1686/2293/2061
f 1681/2285/2062 1682/2288/2063 1688/2295/2064 1687/2294/2065
f 1682/2288/2066 1683/2289/2067 1689/2296/2068 1688/2295/2069
f 1683/2289/2070 1684/2290/2071 1690/2297/2072 1689/2296/2073
f 1684/2290/2074 1685/2287/2075 1691/2292/2076 1690/2297/2077
f 1685/2287/2078 1680/2286/2079 1686/2291/2080 1691/2292/2081
g default
v 80.325262 0.670724 -14.855491
v 79.872862 0.670724 -15.307890
v 79.254888 0.670724 -15.473478
v 78.636900 0.670724 -15.307890
v 78.184507 0.670724 -14.855491
v 78.018919 0.670724 -14.237511
v 78.184507 0.670724 -13.619527
v 78.636900 0.670724 -13.167129
v 79.254888 0.670724 -13.001541
v 79.872862 0.670724 -13.167129
v 80.325262 0.670724 -13.619527
v 80.490850 0.670724 -14.237511
v 80.325262 1.061715 -14.855491
v 79.872862 1.061715 -15.307890
v 79.254888 1.061715 -15.473478
v 78.636900 1.061715 -15.307890
v 78.184507 1.061715 -14.855491
v 78.018919 1.061715 -14.237511
v 78.184507 1.061715 -13.619527
v 78.636900 1.061715 -13.167129
v 79.254888 1.061715 -13.001541
v 79.872862 1.061715 -13.167129
v 80.325262 1.061715 -13.619527
v 80.490850 1.061715 -14.237511
v 79.869619 1.066690 -14.577292
v 79.621702 1.066690 -14.825206
v 79.283049 1.066690 -14.915945
v 78.944395 1.066690 -14.825206
v 78.696478 1.066690 -14.577292
v 78.605741 1.066690 -14.238638
v 78.696478 1.066690 -13.899983
v 78.944395 1.066690 -13.652070
v 79.283049 1.066690 -13.561328
v 79.621702 1.066690 -13.652070
v 79.869619 1.066690 -13.899983
v 79.960356 1.066690 -14.238638
v 79.869619 1.091690 -14.577292
v 79.621702 1.091690 -14.825206
v 79.283049 1.091690 -14.915945
v 78.944395 1.091690 -14.825206
v 78.696478 1.091690 -14.577292
v 78.605741 1.091690 -14.238638
v 78.696478 1.091690 -13.899983
v 78.944395 1.091690 -13.652070
v 79.283049 1.091690 -13.561328
v 79.621702 1.091690 -13.652070
v 79.869619 1.091690 -13.899983
v 79.960356 1.091690 -14.238638
vt 0.773098 0.961227
vt 0.773098 0.970921
vt 0.737726 0.868914
vt 0.737726 0.861080
vt 0.773098 0.980616
vt 0.737724 0.782748
vt 0.773098 0.873975
vt 0.737724 0.790581
vt 0.773098 0.883669
vt 0.737728 0.798415
vt 0.773098 0.893364
vt 0.737728 0.806248
vt 0.773098 0.903058
vt 0.737727 0.814081
vt 0.773098 0.912753
vt 0.737727 0.821914
vt 0.773098 0.922448
vt 0.737726 0.829747
vt 0.773098 0.932143
vt 0.737726 0.837581
vt 0.773098 0.941837
vt 0.737725 0.845414
vt 0.773098 0.951532
vt 0.737726 0.853247
vt 0.321709 0.984332
vt 0.321709 0.979018
vt 0.321709 0.925878
vt 0.321709 0.931191
vt 0.321709 0.936506
vt 0.321709 0.941820
vt 0.321709 0.947134
vt 0.321709 0.952448
vt 0.321709 0.957762
vt 0.321709 0.963076
vt 0.321709 0.968390
vt 0.321709 0.973704
vt 0.321331 0.984332
vt 0.321331 0.979018
vt 0.321331 0.925878
vt 0.321331 0.931191
vt 0.321331 0.936506
vt 0.321331 0.941820
vt 0.321331 0.947134
vt 0.321331 0.952448
vt 0.321331 0.957762
vt 0.321331 0.963076
vt 0.321331 0.968390
vt 0.321331 0.973704
vt 0.729893 0.853247
vt 0.729892 0.861080
vt 0.729892 0.845414
vt 0.729893 0.837581
vt 0.729893 0.829747
vt 0.729894 0.821914
vt 0.729894 0.814081
vt 0.729894 0.806248
vt 0.729892 0.798414
vt 0.729892 0.790582
vt 0.729893 0.782748
vt 0.729892 0.868914
vt 0.767174 0.951532
vt 0.767174 0.961227
vt 0.767174 0.941837
vt 0.767174 0.932143
vt 0.767174 0.922448
vt 0.767174 0.912753
vt 0.767174 0.903058
vt 0.767174 0.893364
vt 0.767174 0.883669
vt 0.767174 0.873975
vt 0.767174 0.864280
vt 0.767174 0.970921
vt 0.729892 0.876747
vt 0.321709 0.989646
vt 0.321331 0.989646
vt 0.767174 0.980616
vt 0.737726 0.876747
vt 0.773098 0.864280
vn 0.866026 0.000000 -0.499999
vn 0.500001 0.000000 -0.866024
vn 0.500001 0.000000 -0.866024
vn 0.866026 0.000000 -0.499999
vn 0.500001 0.000000 -0.866024
vn -0.000000 0.000000 -1.000000
vn -0.000000 0.000000 -1.000000
vn 0.500001 0.000000 -0.866024
vn -0.000000 0.000000 -1.000000
vn -0.500001 0.000000 -0.866025
vn -0.500001 0.000000 -0.866025
vn -0.000000 0.000000 -1.000000
vn -0.500001 0.000000 -0.866025
vn -0.866026 0.000000 -0.499999
vn -0.866026 0.000000 -0.499999
vn -0.500001 0.000000 -0.866025
vn -0.866026 0.000000 -0.499999
vn -1.000000 0.000000 -0.000000
vn -1.000000 0.000000 -0.000000
vn -0.866026 0.000000 -0.499999
vn -1.000000 0.000000 -0.000000
vn -0.866027 0.000000 0.499998
vn -0.866027 0.000000 0.499998
vn -1.000000 0.000000 -0.000000
vn -0.866027 0.000000 0.499998
vn -0.500001 0.000000 0.866024
vn -0.500001 0.000000 0.866024
vn -0.866027 0.000000 0.499998
vn -0.500001 0.000000 0.866024
vn -0.000000 0.000000 1.000000
vn -0.000000 0.000000 1.000000
vn -0.500001 0.000000 0.866024
vn -0.000000 0.000000 1.000000
vn 0.500002 0.000000 0.866024
vn 0.500002 0.000000 0.866024
vn -0.000000 0.000000 1.000000
vn 0.500002 0.000000 0.866024
vn 0.866027 0.000000 0.499998
vn 0.866027 0.000000 0.499998
vn 0.500002 0.000000 0.866024
vn 0.866027 0.000000 0.499998
vn 1.000000 0.000000 -0.000000
vn 1.000000 0.000000 -0.000000
vn 0.866027 0.000000 0.499998
vn 1.000000 0.000000 -0.000000
vn 0.866026 0.000000 -0.499999
vn 0.866026 0.000000 -0.499999
vn 1.000000 0.000000 -0.000000
vn 0.008047 0.999957 -0.004700
vn 0.004503 0.999958 -0.007963
vn 0.004627 0.999958 -0.007898
vn 0.008089 0.999957 -0.004632
vn 0.004503 0.999958 -0.007963
vn -0.000092 0.999960 -0.008918
vn 0.000066 0.999960 -0.008926
vn 0.004627 0.999958 -0.007898
vn -0.000092 0.999960 -0.008918
vn -0.004416 0.999962 -0.007493
vn -0.004303 0.999962 -0.007564
vn 0.000066 0.999960 -0.008926
vn -0.004416 0.999962 -0.007493
vn -0.007417 0.999964 -0.004230
vn -0.007380 0.999964 -0.004298
vn -0.004303 0.999962 -0.007564
vn -0.007417 0.999964 -0.004230
vn -0.008477 0.999964 0.000003
vn -0.008477 0.999964 -0.000002
vn -0.007380 0.999964 -0.004298
vn -0.008477 0.999964 0.000003
vn -0.007400 0.999964 0.004227
vn -0.007368 0.999964 0.004286
vn -0.008477 0.999964 -0.000002
vn -0.007400 0.999964 0.004227
vn -0.004398 0.999963 0.007469
vn -0.004291 0.999962 0.007537
vn -0.007368 0.999964 0.004286
vn -0.004398 0.999963 0.007469
vn -0.000091 0.999961 0.008882
vn 0.000065 0.999961 0.008890
vn -0.004291 0.999962 0.007537
vn -0.000091 0.999961 0.008882
vn 0.004483 0.999958 0.007936
vn 0.004613 0.999958 0.007868
vn 0.000065 0.999961 0.008890
vn 0.004483 0.999958 0.007936
vn 0.008027 0.999957 0.004696
vn 0.008075 0.999957 0.004618
vn 0.004613 0.999958 0.007868
vn 0.008027 0.999957 0.004696
vn 0.009377 0.999956 0.000004
vn 0.009377 0.999956 -0.000003
vn 0.008075 0.999957 0.004618
vn 0.009377 0.999956 0.000004
vn 0.008047 0.999957 -0.004700
vn 0.008089 0.999957 -0.004632
vn 0.009377 0.999956 -0.000003
vn 0.866026 0.000000 -0.499999
vn 0.499997 0.000000 -0.866027
vn 0.499997 0.000000 -0.866027
vn 0.866026 0.000000 -0.499999
vn 0.499997 0.000000 -0.866027
vn 0.000000 0.000000 -1.000000
vn 0.000000 0.000000 -1.000000
vn 0.499997 0.000000 -0.866027
vn 0.000000 0.000000 -1.000000
vn -0.499997 0.000000 -0.866027
vn -0.499997 0.000000 -0.866027
vn 0.000000 0.000000 -1.000000
vn -0.499997 0.000000 -0.866027
vn -0.866026 0.000000 -0.499999
vn -0.866026 0.000000 -0.499999
vn -0.499997 0.000000 -0.866027
vn -0.866026 0.000000 -0.499999
vn -1.000000 0.000000 0.000000
vn -1.000000 0.000000 0.000000
vn -0.866026 0.000000 -0.499999
vn -1.000000 0.000000 0.000000
vn -0.866026 0.000000 0.499999
vn -0.866026 0.000000 0.499999
vn -1.000000 0.000000 0.000000
vn -0.866026 0.000000 0.499999
vn -0.500001 0.000000 0.866025
vn -0.500001 0.000000 0.866025
vn -0.866026 0.000000 0.499999
vn -0.500001 0.000000 0.866025
vn 0.000000 0.000000 1.000000
vn 0.000000 0.000000 1.000000
vn -0.500001 0.000000 0.866025
vn 0.000000 0.000000 1.000000
vn 0.500001 0.000000 0.866025
vn 0.500001 0.000000 0.866025
vn 0.000000 0.000000 1.000000
vn 0.500001 0.000000 0.866025
vn 0.866026 0.000000 0.499999
vn 0.866026 0.000000 0.499999
vn 0.500001 0.000000 0.866025
vn 0.866026 0.000000 0.499999
vn 1.000000 0.000000 0.000000
vn 1.000000 0.000000 0.000000
vn 0.866026 0.000000 0.499999
vn 1.000000 0.000000 0.000000
vn 0.866026 0.000000 -0.499999
vn 0.866026 0.000000 -0.499999
vn 1.000000 0.000000 0.000000
s off
g mid scale_low s_8_low2
usemtl lambert13SG
f 1692/2298/2082 1693/2299/2083 1705/2369/2084 1704/2359/2085
f 1693/2299/2086 1694/2302/2087 1706/2373/2088 1705/2369/2089
f 1694/2375/2090 1695/2304/2091 1707/2367/2092 1706/2368/2093
f 1695/2304/2094 1696/2306/2095 1708/2366/2096 1707/2367/2097
f 1696/2306/2098 1697/2308/2099 1709/2365/2100 1708/2366/2101
f 1697/2308/2102 1698/2310/2103 1710/2364/2104 1709/2365/2105
f 1698/2310/2106 1699/2312/2107 1711/2363/2108 1710/2364/2109
f 1699/2312/2110 1700/2314/2111 1712/2362/2112 1711/2363/2113
f 1700/2314/2114 1701/2316/2115 1713/2361/2116 1712/2362/2117
f 1701/2316/2118 1702/2318/2119 1714/2360/2120 1713/2361/2121
f 1702/2318/2122 1703/2320/2123 1715/2358/2124 1714/2360/2125
f 1703/2320/2126 1692/2298/2127 1704/2359/2128 1715/2358/2129
f 1704/2301/2130 1705/2300/2131 1717/2357/2132 1716/2347/2133
f 1705/2300/2134 1706/2374/2135 1718/2370/2136 1717/2357/2137
f 1706/2303/2138 1707/2305/2139 1719/2355/2140 1718/2356/2141
f 1707/2305/2142 1708/2307/2143 1720/2354/2144 1719/2355/2145
f 1708/2307/2146 1709/2309/2147 1721/2353/2148 1720/2354/2149
f 1709/2309/2150 1710/2311/2151 1722/2352/2152 1721/2353/2153
f 1710/2311/2154 1711/2313/2155 1723/2351/2156 1722/2352/2157
f 1711/2313/2158 1712/2315/2159 1724/2350/2160 1723/2351/2161
f 1712/2315/2162 1713/2317/2163 1725/2349/2164 1724/2350/2165
f 1713/2317/2166 1714/2319/2167 1726/2348/2168 1725/2349/2169
f 1714/2319/2170 1715/2321/2171 1727/2346/2172 1726/2348/2173
f 1715/2321/2174 1704/2301/2175 1716/2347/2176 1727/2346/2177
f 1716/2323/2178 1717/2322/2179 1729/2334/2180 1728/2335/2181
f 1717/2322/2182 1718/2371/2183 1730/2372/2184 1729/2334/2185
f 1718/2324/2186 1719/2325/2187 1731/2337/2188 1730/2336/2189
f 1719/2325/2190 1720/2326/2191 1732/2338/2192 1731/2337/2193
f 1720/2326/2194 1721/2327/2195 1733/2339/2196 1732/2338/2197
f 1721/2327/2198 1722/2328/2199 1734/2340/2200 1733/2339/2201
f 1722/2328/2202 1723/2329/2203 1735/2341/2204 1734/2340/2205
f 1723/2329/2206 1724/2330/2207 1736/2342/2208 1735/2341/2209
f 1724/2330/2210 1725/2331/2211 1737/2343/2212 1736/2342/2213
f 1725/2331/2214 1726/2332/2215 1738/2344/2216 1737/2343/2217
f 1726/2332/2218 1727/2333/2219 1739/2345/2220 1738/2344/2221
f 1727/2333/2222 1716/2323/2223 1728/2335/2224 1739/2345/2225
g default
v 62.278066 0.904747 -14.729246
v 61.672308 0.904747 -14.729246
v 61.369428 0.904747 -14.204639
v 61.672308 0.904747 -13.680035
v 62.278066 0.904747 -13.680035
v 62.580946 0.904747 -14.204639
v 62.278066 1.440076 -14.729246
v 61.672308 1.440076 -14.729246
v 61.369428 1.440076 -14.204639
v 61.672308 1.440076 -13.680035
v 62.278066 1.440076 -13.680035
v 62.580946 1.440076 -14.204639
vt 0.740958 0.902526
vt 0.740958 0.911705
vt 0.740958 0.957602
vt 0.740958 0.948422
vt 0.740958 0.920885
vt 0.740958 0.930064
vt 0.740958 0.939243
vt 0.732846 0.957602
vt 0.732846 0.948422
vt 0.732846 0.902526
vt 0.732846 0.911705
vt 0.732846 0.920885
vt 0.732846 0.930064
vt 0.732846 0.939243
vn 0.000000 0.000000 -1.000000
vn 0.000000 0.000000 -1.000000
vn 0.000000 0.000000 -1.000000
vn 0.000000 0.000000 -1.000000
vn -0.866028 0.000000 -0.499996
vn -0.866028 0.000000 -0.499996
vn -0.866028 0.000000 -0.499996
vn -0.866028 0.000000 -0.499996
vn -0.866027 0.000000 0.499997
vn -0.866027 0.000000 0.499997
vn -0.866027 0.000000 0.499997
vn -0.866027 0.000000 0.499997
vn 0.000000 0.000000 1.000000
vn 0.000000 0.000000 1.000000
vn 0.000000 0.000000 1.000000
vn 0.000000 0.000000 1.000000
vn 0.866027 0.000000 0.499997
vn 0.866027 0.000000 0.499997
vn 0.866027 0.000000 0.499997
vn 0.866027 0.000000 0.499997
vn 0.866028 0.000000 -0.499996
vn 0.866028 0.000000 -0.499996
vn 0.866028 0.000000 -0.499996
vn 0.866028 0.000000 -0.499996
s off
g mid scale_low s_7_low3
usemtl lambert13SG
f 1740/2376/2226 1741/2377/2227 1747/2386/2228 1746/2385/2229
f 1741/2377/2230 1742/2380/2231 1748/2387/2232 1747/2386/2233
f 1742/2380/2234 1743/2381/2235 1749/2388/2236 1748/2387/2237
f 1743/2381/2238 1744/2382/2239 1750/2389/2240 1749/2388/2241
f 1744/2382/2242 1745/2379/2243 1751/2384/2244 1750/2389/2245
f 1745/2379/2246 1740/2378/2247 1746/2383/2248 1751/2384/2249
g default
v 63.028226 0.670724 -14.855491
v 62.575826 0.670724 -15.307890
v 61.957852 0.670724 -15.473478
v 61.339864 0.670724 -15.307890
v 60.887471 0.670724 -14.855491
v 60.721883 0.670724 -14.237511
v 60.887471 0.670724 -13.619527
v 61.339864 0.670724 -13.167129
v 61.957852 0.670724 -13.001541
v 62.575826 0.670724 -13.167129
v 63.028226 0.670724 -13.619527
v 63.193814 0.670724 -14.237511
v 63.028226 1.061715 -14.855491
v 62.575826 1.061715 -15.307890
v 61.957852 1.061715 -15.473478
v 61.339864 1.061715 -15.307890
v 60.887471 1.061715 -14.855491
v 60.721883 1.061715 -14.237511
v 60.887471 1.061715 -13.619527
v 61.339864 1.061715 -13.167129
v 61.957852 1.061715 -13.001541
v 62.575826 1.061715 -13.167129
v 63.028226 1.061715 -13.619527
v 63.193814 1.061715 -14.237511
v 62.572583 1.066690 -14.577292
v 62.324666 1.066690 -14.825206
v 61.986012 1.066690 -14.915945
v 61.647359 1.066690 -14.825206
v 61.399442 1.066690 -14.577292
v 61.308705 1.066690 -14.238638
v 61.399442 1.066690 -13.899983
v 61.647359 1.066690 -13.652070
v 61.986012 1.066690 -13.561328
v 62.324666 1.066690 -13.652070
v 62.572583 1.066690 -13.899983
v 62.663320 1.066690 -14.238638
v 62.572583 1.091690 -14.577292
v 62.324666 1.091690 -14.825206
v 61.986012 1.091690 -14.915945
v 61.647359 1.091690 -14.825206
v 61.399442 1.091690 -14.577292
v 61.308705 1.091690 -14.238638
v 61.399442 1.091690 -13.899983
v 61.647359 1.091690 -13.652070
v 61.986012 1.091690 -13.561328
v 62.324666 1.091690 -13.652070
v 62.572583 1.091690 -13.899983
v 62.663320 1.091690 -14.238638
vt 0.773098 0.961227
vt 0.773098 0.970921
vt 0.737726 0.868914
vt 0.737726 0.861080
vt 0.773098 0.980616
vt 0.737724 0.782748
vt 0.773098 0.873975
vt 0.737724 0.790581
vt 0.773098 0.883669
vt 0.737728 0.798415
vt 0.773098 0.893364
vt 0.737728 0.806248
vt 0.773098 0.903058
vt 0.737727 0.814081
vt 0.773098 0.912753
vt 0.737727 0.821914
vt 0.773098 0.922448
vt 0.737726 0.829747
vt 0.773098 0.932143
vt 0.737726 0.837581
vt 0.773098 0.941837
vt 0.737725 0.845414
vt 0.773098 0.951532
vt 0.737726 0.853247
vt 0.321709 0.984332
vt 0.321709 0.979018
vt 0.321709 0.925878
vt 0.321709 0.931191
vt 0.321709 0.936506
vt 0.321709 0.941820
vt 0.321709 0.947134
vt 0.321709 0.952448
vt 0.321709 0.957762
vt 0.321709 0.963076
vt 0.321709 0.968390
vt 0.321709 0.973704
vt 0.321331 0.984332
vt 0.321331 0.979018
vt 0.321331 0.925878
vt 0.321331 0.931191
vt 0.321331 0.936506
vt 0.321331 0.941820
vt 0.321331 0.947134
vt 0.321331 0.952448
vt 0.321331 0.957762
vt 0.321331 0.963076
vt 0.321331 0.968390
vt 0.321331 0.973704
vt 0.729893 0.853247
vt 0.729892 0.861080
vt 0.729892 0.845414
vt 0.729893 0.837581
vt 0.729893 0.829747
vt 0.729894 0.821914
vt 0.729894 0.814081
vt 0.729894 0.806248
vt 0.729892 0.798414
vt 0.729892 0.790582
vt 0.729893 0.782748
vt 0.729892 0.868914
vt 0.767174 0.951532
vt 0.767174 0.961227
vt 0.767174 0.941837
vt 0.767174 0.932143
vt 0.767174 0.922448
vt 0.767174 0.912753
vt 0.767174 0.903058
vt 0.767174 0.893364
vt 0.767174 0.883669
vt 0.767174 0.873975
vt 0.767174 0.864280
vt 0.767174 0.970921
vt 0.729892 0.876747
vt 0.321709 0.989646
vt 0.321331 0.989646
vt 0.767174 0.980616
vt 0.737726 0.876747
vt 0.773098 0.864280
vn 0.866026 0.000000 -0.499999
vn 0.500001 0.000000 -0.866024
vn 0.500001 0.000000 -0.866024
vn 0.866026 0.000000 -0.499999
vn 0.500001 0.000000 -0.866024
vn -0.000000 0.000000 -1.000000
vn -0.000000 0.000000 -1.000000
vn 0.500001 0.000000 -0.866024
vn -0.000000 0.000000 -1.000000
vn -0.500001 0.000000 -0.866025
vn -0.500001 0.000000 -0.866025
vn -0.000000 0.000000 -1.000000
vn -0.500001 0.000000 -0.866025
vn -0.866026 0.000000 -0.499999
vn -0.866026 0.000000 -0.499999
vn -0.500001 0.000000 -0.866025
vn -0.866026 0.000000 -0.499999
vn -1.000000 0.000000 -0.000000
vn -1.000000 0.000000 -0.000000
vn -0.866026 0.000000 -0.499999
vn -1.000000 0.000000 -0.000000
vn -0.866027 0.000000 0.499998
vn -0.866027 0.000000 0.499998
vn -1.000000 0.000000 -0.000000
vn -0.866027 0.000000 0.499998
vn -0.500001 0.000000 0.866024
vn -0.500001 0.000000 0.866024
vn -0.866027 0.000000 0.499998
vn -0.500001 0.000000 0.866024
vn -0.000000 0.000000 1.000000
vn -0.000000 0.000000 1.000000
vn -0.500001 0.000000 0.866024
vn -0.000000 0.000000 1.000000
vn 0.500002 0.000000 0.866024
vn 0.500002 0.000000 0.866024
vn -0.000000 0.000000 1.000000
vn 0.500002 0.000000 0.866024
vn 0.866027 0.000000 0.499998
vn 0.866027 0.000000 0.499998
vn 0.500002 0.000000 0.866024
vn 0.866027 0.000000 0.499998
vn 1.000000 0.000000 -0.000000
vn 1.000000 0.000000 -0.000000
vn 0.866027 0.000000 0.499998
vn 1.000000 0.000000 -0.000000
vn 0.866026 0.000000 -0.499999
vn 0.866026 0.000000 -0.499999
vn 1.000000 0.000000 -0.000000
vn 0.008047 0.999957 -0.004700
vn 0.004503 0.999958 -0.007963
vn 0.004627 0.999958 -0.007898
vn 0.008089 0.999957 -0.004632
vn 0.004503 0.999958 -0.007963
vn -0.000092 0.999960 -0.008918
vn 0.000066 0.999960 -0.008926
vn 0.004627 0.999958 -0.007898
vn -0.000092 0.999960 -0.008918
vn -0.004416 0.999962 -0.007493
vn -0.004303 0.999962 -0.007564
vn 0.000066 0.999960 -0.008926
vn -0.004416 0.999962 -0.007493
vn -0.007417 0.999964 -0.004230
vn -0.007380 0.999964 -0.004298
vn -0.004303 0.999962 -0.007564
vn -0.007417 0.999964 -0.004230
vn -0.008477 0.999964 0.000003
vn -0.008477 0.999964 -0.000002
vn -0.007380 0.999964 -0.004298
vn -0.008477 0.999964 0.000003
vn -0.007400 0.999964 0.004227
vn -0.007368 0.999964 0.004286
vn -0.008477 0.999964 -0.000002
vn -0.007400 0.999964 0.004227
vn -0.004398 0.999963 0.007469
vn -0.004291 0.999962 0.007537
vn -0.007368 0.999964 0.004286
vn -0.004398 0.999963 0.007469
vn -0.000091 0.999961 0.008882
vn 0.000065 0.999961 0.008890
vn -0.004291 0.999962 0.007537
vn -0.000091 0.999961 0.008882
vn 0.004483 0.999958 0.007936
vn 0.004613 0.999958 0.007868
vn 0.000065 0.999961 0.008890
vn 0.004483 0.999958 0.007936
vn 0.008027 0.999957 0.004696
vn 0.008075 0.999957 0.004618
vn 0.004613 0.999958 0.007868
vn 0.008027 0.999957 0.004696
vn 0.009377 0.999956 0.000004
vn 0.009377 0.999956 -0.000003
vn 0.008075 0.999957 0.004618
vn 0.009377 0.999956 0.000004
vn 0.008047 0.999957 -0.004700
vn 0.008089 0.999957 -0.004632
vn 0.009377 0.999956 -0.000003
vn 0.866026 0.000000 -0.499999
vn 0.499997 0.000000 -0.866027
vn 0.499997 0.000000 -0.866027
vn 0.866026 0.000000 -0.499999
vn 0.499997 0.000000 -0.866027
vn 0.000000 0.000000 -1.000000
vn 0.000000 0.000000 -1.000000
vn 0.499997 0.000000 -0.866027
vn 0.000000 0.000000 -1.000000
vn -0.499997 0.000000 -0.866027
vn -0.499997 0.000000 -0.866027
vn 0.000000 0.000000 -1.000000
vn -0.499997 0.000000 -0.866027
vn -0.866026 0.000000 -0.499999
vn -0.866026 0.000000 -0.499999
vn -0.499997 0.000000 -0.866027
vn -0.866026 0.000000 -0.499999
vn -1.000000 0.000000 0.000000
vn -1.000000 0.000000 0.000000
vn -0.866026 0.000000 -0.499999
vn -1.000000 0.000000 0.000000
vn -0.866026 0.000000 0.499999
vn -0.866026 0.000000 0.499999
vn -1.000000 0.000000 0.000000
vn -0.866026 0.000000 0.499999
vn -0.500001 0.000000 0.866025
vn -0.500001 0.000000 0.866025
vn -0.866026 0.000000 0.499999
vn -0.500001 0.000000 0.866025
vn 0.000000 0.000000 1.000000
vn 0.000000 0.000000 1.000000
vn -0.500001 0.000000 0.866025
vn 0.000000 0.000000 1.000000
vn 0.500001 0.000000 0.866025
vn 0.500001 0.000000 0.866025
vn 0.000000 0.000000 1.000000
vn 0.500001 0.000000 0.866025
vn 0.866026 0.000000 0.499999
vn 0.866026 0.000000 0.499999
vn 0.500001 0.000000 0.866025
vn 0.866026 0.000000 0.499999
vn 1.000000 0.000000 0.000000
vn 1.000000 0.000000 0.000000
vn 0.866026 0.000000 0.499999
vn 1.000000 0.000000 0.000000
vn 0.866026 0.000000 -0.499999
vn 0.866026 0.000000 -0.499999
vn 1.000000 0.000000 0.000000
s off
g mid scale_low s_8_low3
usemtl lambert13SG
f 1752/2390/2250 1753/2391/2251 1765/2461/2252 1764/2451/2253
f 1753/2391/2254 1754/2394/2255 1766/2465/2256 1765/2461/2257
f 1754/2467/2258 1755/2396/2259 1767/2459/2260 1766/2460/2261
f 1755/2396/2262 1756/2398/2263 1768/2458/2264 1767/2459/2265
f 1756/2398/2266 1757/2400/2267 1769/2457/2268 1768/2458/2269
f 1757/2400/2270 1758/2402/2271 1770/2456/2272 1769/2457/2273
f 1758/2402/2274 1759/2404/2275 1771/2455/2276 1770/2456/2277
f 1759/2404/2278 1760/2406/2279 1772/2454/2280 1771/2455/2281
f 1760/2406/2282 1761/2408/2283 1773/2453/2284 1772/2454/2285
f 1761/2408/2286 1762/2410/2287 1774/2452/2288 1773/2453/2289
f 1762/2410/2290 1763/2412/2291 1775/2450/2292 1774/2452/2293
f 1763/2412/2294 1752/2390/2295 1764/2451/2296 1775/2450/2297
f 1764/2393/2298 1765/2392/2299 1777/2449/2300 1776/2439/2301
f 1765/2392/2302 1766/2466/2303 1778/2462/2304 1777/2449/2305
f 1766/2395/2306 1767/2397/2307 1779/2447/2308 1778/2448/2309
f 1767/2397/2310 1768/2399/2311 1780/2446/2312 1779/2447/2313
f 1768/2399/2314 1769/2401/2315 1781/2445/2316 1780/2446/2317
f 1769/2401/2318 1770/2403/2319 1782/2444/2320 1781/2445/2321
f 1770/2403/2322 1771/2405/2323 1783/2443/2324 1782/2444/2325
f 1771/2405/2326 1772/2407/2327 1784/2442/2328 1783/2443/2329
f 1772/2407/2330 1773/2409/2331 1785/2441/2332 1784/2442/2333
f 1773/2409/2334 1774/2411/2335 1786/2440/2336 1785/2441/2337
f 1774/2411/2338 1775/2413/2339 1787/2438/2340 1786/2440/2341
f 1775/2413/2342 1764/2393/2343 1776/2439/2344 1787/2438/2345
f 1776/2415/2346 1777/2414/2347 1789/2426/2348 1788/2427/2349
f 1777/2414/2350 1778/2463/2351 1790/2464/2352 1789/2426/2353
f 1778/2416/2354 1779/2417/2355 1791/2429/2356 1790/2428/2357
f 1779/2417/2358 1780/2418/2359 1792/2430/2360 1791/2429/2361
f 1780/2418/2362 1781/2419/2363 1793/2431/2364 1792/2430/2365
f 1781/2419/2366 1782/2420/2367 1794/2432/2368 1793/2431/2369
f 1782/2420/2370 1783/2421/2371 1795/2433/2372 1794/2432/2373
f 1783/2421/2374 1784/2422/2375 1796/2434/2376 1795/2433/2377
f 1784/2422/2378 1785/2423/2379 1797/2435/2380 1796/2434/2381
f 1785/2423/2382 1786/2424/2383 1798/2436/2384 1797/2435/2385
f 1786/2424/2386 1787/2425/2387 1799/2437/2388 1798/2436/2389
f 1787/2425/2390 1776/2415/2391 1788/2427/2392 1799/2437/2393
